cp,westminstername,boroughname,wardname,road,road_type,maxyear,cycle_pcu,p2w_pcu,car_pcu,bus_pcu,lgv_pcu,mgv_pcu,hgv_pcu,latitude,longitude,road_geom,cycles_00,cycles_01,cycles_02,cycles_03,cycles_04,cycles_05,cycles_06,cycles_07,cycles_08,cycles_09,cycles_10,cycles_11,cycles_12,cycles_13,cycles_14,cycles_15,p2w_00,p2w_01,p2w_02,p2w_03,p2w_04,p2w_05,p2w_06,p2w_07,p2w_08,p2w_09,p2w_10,p2w_11,p2w_12,p2w_13,p2w_14,p2w_15,p2w_16,cars_00,cars_01,cars_02,cars_03,cars_04,cars_05,cars_06,cars_07,cars_08,cars_09,cars_10,cars_11,cars_12,cars_13,cars_14,cars_15,cars_16,buses_00,buses_01,buses_02,buses_03,buses_04,buses_05,buses_06,buses_07,buses_08,buses_09,buses_10,buses_11,buses_12,buses_13,buses_14,buses_15,buses_16,lgvs_00,lgvs_01,lgvs_02,lgvs_03,lgvs_04,lgvs_05,lgvs_06,lgvs_07,lgvs_08,lgvs_09,lgvs_10,lgvs_11,lgvs_12,lgvs_13,lgvs_14,lgvs_15,lgvs_16,mgvs_00,mgvs_01,mgvs_02,mgvs_03,mgvs_04,mgvs_05,mgvs_06,mgvs_07,mgvs_08,mgvs_09,mgvs_10,mgvs_11,mgvs_12,mgvs_13,mgvs_14,mgvs_15,mgvs_16,hgvs_00,hgvs_01,hgvs_02,hgvs_03,hgvs_04,hgvs_05,hgvs_06,hgvs_07,hgvs_08,hgvs_09,hgvs_10,hgvs_11,hgvs_12,hgvs_13,hgvs_14,hgvs_15,hgvs_16,all_motors_00,all_motors_01,all_motors_02,all_motors_03,all_motors_04,all_motors_05,all_motors_06,all_motors_07,all_motors_08,all_motors_09,all_motors_10,all_motors_11,all_motors_12,all_motors_13,all_motors_14,all_motors_15,all_motors_16,all_motors_pcu_00,all_motors_pcu_01,all_motors_pcu_02,all_motors_pcu_03,all_motors_pcu_04,all_motors_pcu_05,all_motors_pcu_06,all_motors_pcu_07,all_motors_pcu_08,all_motors_pcu_09,all_motors_pcu_10,all_motors_pcu_11,all_motors_pcu_12,all_motors_pcu_13,all_motors_pcu_14,all_motors_pcu_15,all_motors_pcu_16
51,St. Ives Co Const,Isles of Scilly,,A3111,Class A Principal road in Rural area,2016,46.6,40.400000000000006,559,56,400,63,0,49.915022920,-6.317072964,{"type": "LineString", "coordinates": [[-6.318284179989698, 49.91610043194903], [-6.315361987378027, 49.914589721548126]]},105,93,99,83,196,205,196,199,199,228,234,205,288,285,228,227,233,83,102,131,37,35,37,37,37,39,35,35,89,92,101,98,101,837,857,893,926,476,470,475,462,454,457,440,437,525,527,533,541,559,25,27,28,29,35,30,30,30,31,33,38,38,24,26,26,28,28,451,451,467,509,296,323,342,360,376,406,417,438,304,326,355,377,400,30,28,28,27,77,83,83,85,83,83,85,85,39,38,39,40,42,0,0,0,0,7,7,7,7,8,9,9,10,0,0,0,0,0,1430,1446,1518,1622,928,948,974,981,989,1027,1024,1043,981,1009,1054,1084,1130,1417.8,1437.2,1498.8,1585.9,988.4,1007.6,1032.3999999999999,1040.3999999999999,1049.7,1089.8,1095.2,1115.5,971.1,998.8,1038.9,1073.2,1118.4
52,St. Ives Co Const,Isles of Scilly,,A3112,Class A Principal road in Rural area,2016,17,33.2,652,18,234,16.5,0,49.912342659,-6.305685679,{"type": "LineString", "coordinates": [[-6.315361987378027, 49.914589721548126], [-6.297129084603684, 49.91796751748647]]},82,72,77,64,63,66,63,64,64,73,75,113,106,105,83,83,85,233,82,105,114,104,110,114,114,121,110,79,73,76,83,80,83,617,632,520,539,549,543,547,533,524,528,509,624,612,614,622,631,652,16,17,54,55,44,40,37,39,40,41,47,7,8,9,9,9,9,250,250,156,171,167,182,193,202,212,229,235,184,178,191,208,220,234,11,10,13,13,11,13,13,13,13,13,13,11,11,10,11,11,11,0,0,1,1,1,1,1,1,1,1,1,0,0,0,0,0,0,1140,1142,826,884,886,883,901,902,904,933,915,905,882,900,933,951,989,1013.9,1024.2,838.5999999999999,883.8,868.4,868.4,879.8,880.4,883.4,909.1999999999999,903.8,870.1,851.7,868.4,897.7,917.5,953.7
53,St. Ives Co Const,Isles of Scilly,,A3111,Class A Principal road in Rural area,2016,45.800000000000004,34,696,12,376,30,2.3,49.917140810,-6.306113756,{"type": "LineString", "coordinates": [[-6.315361987378027, 49.914589721548126], [-6.30024084178673, 49.918481834651466]]},112,202,215,180,176,184,176,229,231,265,271,237,221,219,175,174,229,81,99,127,137,125,132,183,183,194,175,177,163,170,186,180,85,491,840,876,908,924,914,923,811,796,801,771,765,751,753,762,774,696,16,70,73,74,60,53,51,32,33,34,39,39,44,48,48,51,6,264,235,243,265,259,283,300,301,315,339,347,364,352,377,411,436,376,15,33,33,31,30,33,33,36,35,35,36,36,35,34,35,36,20,0,0,0,0,0,0,0,0,0,0,0,0,0,0,0,0,1,884,1259,1324,1405,1410,1408,1439,1363,1362,1403,1368,1381,1345,1382,1442,1477,1184,848.7,1296.9,1354.1,1418.3,1402.8,1402.5,1427.3,1303.2,1302.7,1338.1,1320,1331.8,1308.7,1345,1395.9,1438,1150.3
54,St. Ives Co Const,Isles of Scilly,,A3110,Class A Principal road in Rural area,2016,12,22.8,355,12,266,52.5,0,49.917810282,-6.298996455,{"type": "LineString", "coordinates": [[-6.30024084178673, 49.918481834651466], [-6.297129084603684, 49.91796751748647]]},84,74,79,66,65,68,65,65,66,76,78,68,74,73,59,58,60,63,77,99,106,97,103,107,107,114,103,104,50,52,57,55,57,465,476,496,514,523,517,523,508,500,503,484,481,334,335,339,344,355,15,16,17,17,14,12,12,12,13,14,16,16,5,6,6,6,6,214,214,221,241,236,257,273,287,300,323,331,347,202,216,236,250,266,14,13,13,12,12,13,13,13,13,13,13,13,33,32,33,34,35,0,0,0,0,0,0,0,0,0,0,0,0,0,0,0,0,0,774,782,824,883,891,896,924,927,933,967,947,961,624,641,671,689,719,756.4,766.7,801.3,846.6,847.4,856.3,880.7,881.3,888.3,919.1,907.7,921.1,615.5,631.8,659.3,679,708.3
55,St. Ives Co Const,Isles of Scilly,,A3110,Class A Principal road in Rural area,2016,6.6000000000000005,8.8,172,0,159,24,0,49.918585039,-6.295093656,{"type": "LineString", "coordinates": [[-6.30024084178673, 49.918481834651466], [-6.297129084603684, 49.91796751748647]]},155,136,145,121,119,42,41,41,41,47,49,43,40,40,32,32,33,28,35,45,48,54,57,59,60,63,57,57,53,20,22,21,22,401,411,429,445,453,183,185,179,177,178,171,169,166,162,164,166,172,22,24,25,26,21,8,8,8,8,8,9,9,10,0,0,0,0,77,77,79,86,85,67,71,74,78,84,86,90,87,130,141,150,159,27,25,25,23,23,12,14,14,12,12,12,12,12,14,15,15,16,0,0,0,0,0,3,3,3,3,3,3,3,3,0,0,0,0,557,565,593,625,630,327,338,337,338,348,338,340,331,326,342,352,369,574.5,584.7,609.5,635.5,633.7,312.5,322.7,320.5,319.9,328.09999999999997,322.7,324.7,319.09999999999997,321,336.3,346.9,363.8
60,Rushcliffe Co Const,Rushcliffe District (B),East Bridgford Ward,A6097,Class A Principal road in Rural area,2016,9,53.2,13128,208,2770,600,1409.8999999999999,52.967827931,-0.960757848,{"type": "LineString", "coordinates": [[-0.958903311094019, 52.96692909604292], [-0.963056164255428, 52.96885320635847]]},,,,,,,,,,,,,24,24,44,43,45,,,,,,,,,,,,148,156,128,133,133,,,,,,,,,,,,,16051,15859,12400,12773,13128,,,,,,,,,,,,,48,49,106,104,104,,,,,,,,,,,,,2515,2670,2342,2603,2770,,,,,,,,,,,,,299,304,364,381,400,,,,,,,,,,,,,750,791,575,628,613,,,,,,,,,,,,,19811,19829,15915,16622,17148,,,,,,,,,,,,,20894.7,20964.7,16873.7,17653.100000000002,18169.100000000002
61,Glasgow Central Burgh Const,Glasgow City,Govan Ward,A8,Class A Principal road in Urban area,2016,13.600000000000001,18.8,6427,280,1070,178.5,209.29999999999998,55.851868293,-4.270159054,{"type": "LineString", "coordinates": [[-4.270818814327, 55.85167488574561], [-4.269429280676, 55.85223079501056]]},,,,,,,,,,,,,61,62,69,71,68,,,,,,,,,,,,41,42,47,48,47,,,,,,,,,,,,,5236,5316,5936,6122,6427,,,,,,,,,,,,,118,119,133,138,140,,,,,,,,,,,,,831,844,942,972,1070,,,,,,,,,,,,,96,97,109,112,119,,,,,,,,,,,,,70,73,82,84,91,,,,,,,,,,,,,6392,6491,7249,7476,7894,,,,,,,,,,,,,6624.4,6728.2,7514.900000000001,7750.4,8183.6
62,Cumbernauld, Kilsyth and Kirkintilloch East Co Const,North Lanarkshire,Cumbernauld North Ward,M80,M or Class A Trunk Motorway,2016,0,80,47190,472,9788,2496,10784.699999999999,55.943146703,-4.014292268,{"type": "LineString", "coordinates": [[-4.017113497189136, 55.941661167783984], [-4.010036783428663, 55.945389566115274]]},,,,,,,,,,,,,0,0,0,0,0,,,,,,,,,,,,187,184,207,202,200,,,,,,,,,,,,,41599,40997,46117,46240,47190,,,,,,,,,,,,,221,218,245,227,236,,,,,,,,,,,,,7285,7179,8076,8986,9788,,,,,,,,,,,,,1363,1343,1511,1557,1664,,,,,,,,,,,,,3982,3924,4415,4571,4689,,,,,,,,,,,,,54637,53845,60571,61783,63767,,,,,,,,,,,,,60603.9,59725.299999999996,67186.8,68609.6,70810.7
63,Glasgow East Burgh Const,Glasgow City,Shettleston Ward,M74,M or Class A Trunk Motorway,2016,0,88.80000000000001,52476,502,9025,2700,13565.4,55.836077150,-4.180267528,{"type": "LineString", "coordinates": [[-4.179348633581158, 55.836208795594814], [-4.181534246377879, 55.83588244787894]]},,,,,,,,,,,,,0,0,0,0,0,,,,,,,,,,,,203,216,222,225,222,,,,,,,,,,,,,46387,49442,50812,51411,52476,,,,,,,,,,,,,217,231,238,240,251,,,,,,,,,,,,,7475,7967,8188,8284,9025,,,,,,,,,,,,,1519,1619,1664,1684,1800,,,,,,,,,,,,,5247,5592,5748,5814,5898,,,,,,,,,,,,,61048,65067,66872,67658,69672,,,,,,,,,,,,,68723.79999999999,73247.5,75281.2,76163.2,78357.2
64,Taunton Deane Co Const,Taunton Deane District (B),Taunton Fairwater Ward,A3027,Class A Principal road in Urban area,2016,136.6,40.400000000000006,13161,778,2076,216,96.6,51.018674227,-3.105283540,{"type": "LineString", "coordinates": [[-3.104543315474299, 51.01812197922638], [-3.105995212745588, 51.019223318637664]]},,,,,,,,,,,,,510,503,793,737,683,,,,,,,,,,,,150,167,119,105,101,,,,,,,,,,,,,11949,11843,12605,12855,13161,,,,,,,,,,,,,377,394,364,392,389,,,,,,,,,,,,,1779,1849,1844,1934,2076,,,,,,,,,,,,,119,120,146,139,144,,,,,,,,,,,,,37,39,41,43,42,,,,,,,,,,,,,14411,14412,15119,15468,15913,,,,,,,,,,,,,14805.6,14816.5,15537.9,15922.4,16368
501,Newport West Co Const,Casnewydd - Newport,,M4,M or Class A Trunk Motorway,2016,0,154.8,91662,804,15563,3289.5,16971.699999999997,51.577320306,-3.032184269,{"type": "LineString", "coordinates": [[-3.035257571435012, 51.56650151771787], [-3.035095169179921, 51.58475606057912]]},0,0,0,0,0,0,0,0,0,0,0,0,0,0,0,0,0,420,348,393,391,395,507,523,553,732,465,526,511,449,406,318,387,75586,72449,79559,77650,89870,89870,87665,88279,86248,89623,83638,87568,84757,84596,89665,95242,91662,574,480,449,462,454,472,459,520,674,477,619,449,508,589,556,431,402,9347,9907,11387,11728,12942,13396,11597,12281,12576,12766,12982,13003,12475,11891,13929,16294,15563,3766,3332,3172,3067,2671,2667,3056,2974,2869,2558,2209,2383,2249,2147,2038,2384,2193,7547,7677,8124,7702,8298,8004,7926,7844,7525,6526,7313,7010,6534,6307,6538,7282,7379,97147,94265,103039,101002,114626,114804,111210,112421,110445,112682,107226,110939,107034,105979,113132,121951,117586,109218.9,106139.1,115426.4,112774.29999999999,126968.29999999999,126777.7,123196.6,124311.4,122004.2,122482.6,118177.4,121376.9,116854.09999999999,115571.20000000001,122962.79999999999,132849.8,128445
501,Newport West Co Const,Casnewydd - Newport,,M4,M or Class A Trunk Motorway,2016,0,154.8,91662,804,15563,3289.5,16971.699999999997,51.577320306,-3.032184269,{"type": "LineString", "coordinates": [[-3.035257571435012, 51.56650151771787], [-3.035095169179921, 51.58475606057912]]},0,0,0,0,0,0,0,0,0,0,0,0,0,0,0,0,0,420,348,393,391,395,507,523,553,732,465,526,511,449,406,318,387,75586,72449,79559,77650,89870,89870,87665,88279,86248,89623,83638,87568,84757,84596,89665,95242,91662,574,480,449,462,454,472,459,520,674,477,619,449,508,589,556,431,402,9347,9907,11387,11728,12942,13396,11597,12281,12576,12766,12982,13003,12475,11891,13929,16294,15563,3766,3332,3172,3067,2671,2667,3056,2974,2869,2558,2209,2383,2249,2147,2038,2384,2193,7547,7677,8124,7702,8298,8004,7926,7844,7525,6526,7313,7010,6534,6307,6538,7282,7379,97147,94265,103039,101002,114626,114804,111210,112421,110445,112682,107226,110939,107034,105979,113132,121951,117586,109218.9,106139.1,115426.4,112774.29999999999,126968.29999999999,126777.7,123196.6,124311.4,122004.2,122482.6,118177.4,121376.9,116854.09999999999,115571.20000000001,122962.79999999999,132849.8,128445
501,Newport West Co Const,Casnewydd - Newport,,M4,M or Class A Trunk Motorway,2016,0,154.8,91662,804,15563,3289.5,16971.699999999997,51.577320306,-3.032184269,{"type": "LineString", "coordinates": [[-3.035257571435012, 51.56650151771787], [-3.035095169179921, 51.58475606057912]]},0,0,0,0,0,0,0,0,0,0,0,0,0,0,0,0,0,420,348,393,391,395,507,523,553,732,465,526,511,449,406,318,387,75586,72449,79559,77650,89870,89870,87665,88279,86248,89623,83638,87568,84757,84596,89665,95242,91662,574,480,449,462,454,472,459,520,674,477,619,449,508,589,556,431,402,9347,9907,11387,11728,12942,13396,11597,12281,12576,12766,12982,13003,12475,11891,13929,16294,15563,3766,3332,3172,3067,2671,2667,3056,2974,2869,2558,2209,2383,2249,2147,2038,2384,2193,7547,7677,8124,7702,8298,8004,7926,7844,7525,6526,7313,7010,6534,6307,6538,7282,7379,97147,94265,103039,101002,114626,114804,111210,112421,110445,112682,107226,110939,107034,105979,113132,121951,117586,109218.9,106139.1,115426.4,112774.29999999999,126968.29999999999,126777.7,123196.6,124311.4,122004.2,122482.6,118177.4,121376.9,116854.09999999999,115571.20000000001,122962.79999999999,132849.8,128445
501,Newport West Co Const,Casnewydd - Newport,,M4,M or Class A Trunk Motorway,2016,0,154.8,91662,804,15563,3289.5,16971.699999999997,51.577320306,-3.032184269,{"type": "LineString", "coordinates": [[-3.035257571435012, 51.56650151771787], [-3.035095169179921, 51.58475606057912]]},0,0,0,0,0,0,0,0,0,0,0,0,0,0,0,0,0,420,348,393,391,395,507,523,553,732,465,526,511,449,406,318,387,75586,72449,79559,77650,89870,89870,87665,88279,86248,89623,83638,87568,84757,84596,89665,95242,91662,574,480,449,462,454,472,459,520,674,477,619,449,508,589,556,431,402,9347,9907,11387,11728,12942,13396,11597,12281,12576,12766,12982,13003,12475,11891,13929,16294,15563,3766,3332,3172,3067,2671,2667,3056,2974,2869,2558,2209,2383,2249,2147,2038,2384,2193,7547,7677,8124,7702,8298,8004,7926,7844,7525,6526,7313,7010,6534,6307,6538,7282,7379,97147,94265,103039,101002,114626,114804,111210,112421,110445,112682,107226,110939,107034,105979,113132,121951,117586,109218.9,106139.1,115426.4,112774.29999999999,126968.29999999999,126777.7,123196.6,124311.4,122004.2,122482.6,118177.4,121376.9,116854.09999999999,115571.20000000001,122962.79999999999,132849.8,128445
501,Newport West Co Const,Casnewydd - Newport,,M4,M or Class A Trunk Motorway,2016,0,154.8,91662,804,15563,3289.5,16971.699999999997,51.579979594,-3.034481487,{"type": "LineString", "coordinates": [[-3.035257571435012, 51.56650151771787], [-3.035095169179921, 51.58475606057912]]},0,0,0,0,0,0,0,0,0,0,0,0,0,0,0,0,0,420,348,393,391,395,507,523,553,732,465,526,511,449,406,318,387,75586,72449,79559,77650,89870,89870,87665,88279,86248,89623,83638,87568,84757,84596,89665,95242,91662,574,480,449,462,454,472,459,520,674,477,619,449,508,589,556,431,402,9347,9907,11387,11728,12942,13396,11597,12281,12576,12766,12982,13003,12475,11891,13929,16294,15563,3766,3332,3172,3067,2671,2667,3056,2974,2869,2558,2209,2383,2249,2147,2038,2384,2193,7547,7677,8124,7702,8298,8004,7926,7844,7525,6526,7313,7010,6534,6307,6538,7282,7379,97147,94265,103039,101002,114626,114804,111210,112421,110445,112682,107226,110939,107034,105979,113132,121951,117586,109218.9,106139.1,115426.4,112774.29999999999,126968.29999999999,126777.7,123196.6,124311.4,122004.2,122482.6,118177.4,121376.9,116854.09999999999,115571.20000000001,122962.79999999999,132849.8,128445
501,Newport West Co Const,Casnewydd - Newport,,M4,M or Class A Trunk Motorway,2016,0,154.8,91662,804,15563,3289.5,16971.699999999997,51.579979594,-3.034481487,{"type": "LineString", "coordinates": [[-3.035257571435012, 51.56650151771787], [-3.035095169179921, 51.58475606057912]]},0,0,0,0,0,0,0,0,0,0,0,0,0,0,0,0,0,420,348,393,391,395,507,523,553,732,465,526,511,449,406,318,387,75586,72449,79559,77650,89870,89870,87665,88279,86248,89623,83638,87568,84757,84596,89665,95242,91662,574,480,449,462,454,472,459,520,674,477,619,449,508,589,556,431,402,9347,9907,11387,11728,12942,13396,11597,12281,12576,12766,12982,13003,12475,11891,13929,16294,15563,3766,3332,3172,3067,2671,2667,3056,2974,2869,2558,2209,2383,2249,2147,2038,2384,2193,7547,7677,8124,7702,8298,8004,7926,7844,7525,6526,7313,7010,6534,6307,6538,7282,7379,97147,94265,103039,101002,114626,114804,111210,112421,110445,112682,107226,110939,107034,105979,113132,121951,117586,109218.9,106139.1,115426.4,112774.29999999999,126968.29999999999,126777.7,123196.6,124311.4,122004.2,122482.6,118177.4,121376.9,116854.09999999999,115571.20000000001,122962.79999999999,132849.8,128445
501,Newport West Co Const,Casnewydd - Newport,,M4,M or Class A Trunk Motorway,2016,0,154.8,91662,804,15563,3289.5,16971.699999999997,51.579979594,-3.034481487,{"type": "LineString", "coordinates": [[-3.035257571435012, 51.56650151771787], [-3.035095169179921, 51.58475606057912]]},0,0,0,0,0,0,0,0,0,0,0,0,0,0,0,0,0,420,348,393,391,395,507,523,553,732,465,526,511,449,406,318,387,75586,72449,79559,77650,89870,89870,87665,88279,86248,89623,83638,87568,84757,84596,89665,95242,91662,574,480,449,462,454,472,459,520,674,477,619,449,508,589,556,431,402,9347,9907,11387,11728,12942,13396,11597,12281,12576,12766,12982,13003,12475,11891,13929,16294,15563,3766,3332,3172,3067,2671,2667,3056,2974,2869,2558,2209,2383,2249,2147,2038,2384,2193,7547,7677,8124,7702,8298,8004,7926,7844,7525,6526,7313,7010,6534,6307,6538,7282,7379,97147,94265,103039,101002,114626,114804,111210,112421,110445,112682,107226,110939,107034,105979,113132,121951,117586,109218.9,106139.1,115426.4,112774.29999999999,126968.29999999999,126777.7,123196.6,124311.4,122004.2,122482.6,118177.4,121376.9,116854.09999999999,115571.20000000001,122962.79999999999,132849.8,128445
501,Newport West Co Const,Casnewydd - Newport,,M4,M or Class A Trunk Motorway,2016,0,154.8,91662,804,15563,3289.5,16971.699999999997,51.579979594,-3.034481487,{"type": "LineString", "coordinates": [[-3.035257571435012, 51.56650151771787], [-3.035095169179921, 51.58475606057912]]},0,0,0,0,0,0,0,0,0,0,0,0,0,0,0,0,0,420,348,393,391,395,507,523,553,732,465,526,511,449,406,318,387,75586,72449,79559,77650,89870,89870,87665,88279,86248,89623,83638,87568,84757,84596,89665,95242,91662,574,480,449,462,454,472,459,520,674,477,619,449,508,589,556,431,402,9347,9907,11387,11728,12942,13396,11597,12281,12576,12766,12982,13003,12475,11891,13929,16294,15563,3766,3332,3172,3067,2671,2667,3056,2974,2869,2558,2209,2383,2249,2147,2038,2384,2193,7547,7677,8124,7702,8298,8004,7926,7844,7525,6526,7313,7010,6534,6307,6538,7282,7379,97147,94265,103039,101002,114626,114804,111210,112421,110445,112682,107226,110939,107034,105979,113132,121951,117586,109218.9,106139.1,115426.4,112774.29999999999,126968.29999999999,126777.7,123196.6,124311.4,122004.2,122482.6,118177.4,121376.9,116854.09999999999,115571.20000000001,122962.79999999999,132849.8,128445
502,Bridgend Co Const,Pen-y-bont ar Ogwr - Bridgend,,M4,M or Class A Trunk Motorway,2016,0,54,54374,330,10346,1804.5,9453,51.525189997,-3.720044465,{"type": "LineString", "coordinates": [[-3.72458067494531, 51.530786855806284], [-3.693344720484342, 51.51658456029958]]},0,0,0,0,0,0,0,0,0,0,0,0,0,0,0,0,0,158,141,166,183,143,184,219,125,160,150,113,145,114,217,212,135,37512,41144,40428,43579,46113,47789,45846,47694,46094,50316,49410,49446,45216,49417,52764,52905,54374,252,359,218,332,280,271,398,214,274,305,345,200,108,143,182,169,165,6606,6087,6123,6866,7630,7636,8046,8762,7833,7609,7685,8049,8151,8343,8855,9853,10346,1642,1884,1703,1904,2037,1989,2070,1856,1316,1577,1626,1381,1293,1175,1206,1243,1203,4378,3781,3596,1475,4402,4363,4328,4498,3900,3423,3292,3985,3590,3598,4071,4232,4110,50589,53413,52209,54322,60645,62191,60872,63243,59542,63390,62508,63174,58503,62790,67295,68614,70333,57234,59534.5,57868.7,57423.9,67556.29999999999,69042.59999999999,67821,70101,65469,68837.4,67855.6,69177.2,63837.5,68129.5,73242.1,74778.9,76361.5
503,Gower Co Const,Abertawe - Swansea,,M4,M or Class A Trunk Motorway,2016,0,84.80000000000001,50821,296,11404,2001,6527.4,51.675378776,-3.981299876,{"type": "LineString", "coordinates": [[-3.996394140408362, 51.67656018761769], [-3.956253088438563, 51.67480792150705]]},0,0,0,0,0,0,0,0,0,0,0,0,0,0,0,0,0,142,187,211,187,189,235,242,479,217,305,162,231,316,224,218,212,31146,32081,42850,41822,42993,42993,50546,50900,47885,49874,49026,49494,51115,49261,50574,50709,50821,183,187,177,182,109,113,151,171,190,153,241,177,148,210,156,144,148,5055,5343,7170,7385,8138,8423,8875,9398,9413,9522,8718,9428,9518,9441,9581,10662,11404,1669,1704,1652,1597,1722,1721,1966,1912,1658,1575,1388,1369,1356,1229,1233,1271,1334,2531,2537,2684,2535,2618,2555,3020,2999,3035,2713,2640,2487,2456,2580,2760,2877,2838,40724,41994,54720,53732,55767,55994,64793,65622,62660,64054,62318,63117,64824,63037,64528,65881,66757,44947.8,46245.9,59100,57881.4,60028.200000000004,60175.6,69712,70502.5,67337.09999999999,68391.2,66502,67114.40000000001,68704.2,67025.9,68754.09999999999,70269.8,71134.2
504,Ynys Mon Co Const,Sir Ynys Mon - Isle of Anglesey,,A5,Class A Trunk road in Rural area,2000,0.8,14,9038,240,1625,949.5,2049.2999999999997,53.256814692,-4.399975070,,4,,,,,,,,,,,,,,,,,,,,,,,,,,,,,,,,,9038,,,,,,,,,,,,,,,,,120,,,,,,,,,,,,,,,,,1625,,,,,,,,,,,,,,,,,633,,,,,,,,,,,,,,,,,891,,,,,,,,,,,,,,,,,12342,,,,,,,,,,,,,,,,,13915.8,,,,,,,,,,,,,,,,
505,Arfon Co Const,Gwynedd - Gwynedd,,A5,Class A Principal road in Urban area,2016,16.6,22.8,9892,262,1061,85.5,36.8,53.220081427,-4.158239803,{"type": "LineString", "coordinates": [[-4.159981392521582, 53.21896936204451], [-4.13371968191427, 53.224027877644694]]},86,144,150,187,152,128,106,66,74,74,74,82,78,77,74,90,83,72,80,119,141,182,85,87,89,87,79,79,79,84,81,60,57,14455,10788,11381,10556,10841,10960,11302,10861,11013,11179,11101,11279,11112,11114,11325,10049,9892,218,174,148,153,133,127,138,140,130,138,148,160,177,199,251,136,131,1057,919,1026,887,1026,1214,904,922,975,1027,1049,1186,1336,1238,1316,1042,1061,78,94,99,58,61,73,55,57,59,56,58,58,58,56,48,55,57,13,23,23,13,15,13,18,20,16,16,16,16,15,17,16,16,16,15876,12070,12757,11786,12217,12569,12502,12087,12282,12503,12451,12778,12777,12708,13037,11358,11214,16116.9,12277.699999999999,12936.4,11913.5,12315.4,12640.199999999999,12639.9,12229.3,12408.9,12637.599999999999,12601.4,12940.4,12955.1,12906.7,13284.199999999999,11506.3,11360.099999999999
506,Aberconwy Co Const,Conwy - Conwy,,A5,Class A Trunk road in Rural area,2016,3.2,13.600000000000001,1701,40,523,64.5,71.3,53.122781779,-4.015860795,{"type": "LineString", "coordinates": [[-4.020279952436346, 53.12459322773847], [-3.912251058925114, 53.10507086166627]]},0,0,0,0,0,0,0,0,0,0,0,0,20,20,16,16,16,38,47,60,21,19,21,21,22,24,22,22,29,31,34,32,34,1553,1590,1657,1718,2590,2561,2586,2517,2475,2490,2398,2381,1599,1604,1623,1648,1701,40,43,45,46,24,22,22,22,23,24,28,28,17,18,19,20,20,259,259,268,292,419,456,484,509,532,574,589,618,397,426,464,492,523,57,53,53,51,59,63,63,65,63,63,65,65,40,39,40,41,43,37,36,37,35,48,47,49,50,53,54,51,55,26,27,28,30,31,1986,2019,2107,2202,3161,3168,3225,3184,3168,3229,3153,3169,2108,2145,2208,2263,2352,2078.6,2112.5,2198.4,2283,3264.3,3271.2,3329.6,3290.9,3278.2000000000003,3340.2999999999997,3266.6000000000004,3287.8,2161.4,2199,2263,2323.3,2413.4
506,Aberconwy Co Const,Conwy - Conwy,,A5,Class A Trunk road in Rural area,2016,3.2,13.600000000000001,1701,40,523,64.5,71.3,53.122781779,-4.015860795,{"type": "LineString", "coordinates": [[-4.020279952436346, 53.12459322773847], [-3.912251058925114, 53.10507086166627]]},0,0,0,0,0,0,0,0,0,0,0,0,20,20,16,16,16,38,47,60,21,19,21,21,22,24,22,22,29,31,34,32,34,1553,1590,1657,1718,2590,2561,2586,2517,2475,2490,2398,2381,1599,1604,1623,1648,1701,40,43,45,46,24,22,22,22,23,24,28,28,17,18,19,20,20,259,259,268,292,419,456,484,509,532,574,589,618,397,426,464,492,523,57,53,53,51,59,63,63,65,63,63,65,65,40,39,40,41,43,37,36,37,35,48,47,49,50,53,54,51,55,26,27,28,30,31,1986,2019,2107,2202,3161,3168,3225,3184,3168,3229,3153,3169,2108,2145,2208,2263,2352,2078.6,2112.5,2198.4,2283,3264.3,3271.2,3329.6,3290.9,3278.2000000000003,3340.2999999999997,3266.6000000000004,3287.8,2161.4,2199,2263,2323.3,2413.4
506,Aberconwy Co Const,Conwy - Conwy,,A5,Class A Trunk road in Rural area,2016,3.2,13.600000000000001,1701,40,523,64.5,71.3,53.122781779,-4.015860795,{"type": "LineString", "coordinates": [[-4.020279952436346, 53.12459322773847], [-3.912251058925114, 53.10507086166627]]},0,0,0,0,0,0,0,0,0,0,0,0,20,20,16,16,16,38,47,60,21,19,21,21,22,24,22,22,29,31,34,32,34,1553,1590,1657,1718,2590,2561,2586,2517,2475,2490,2398,2381,1599,1604,1623,1648,1701,40,43,45,46,24,22,22,22,23,24,28,28,17,18,19,20,20,259,259,268,292,419,456,484,509,532,574,589,618,397,426,464,492,523,57,53,53,51,59,63,63,65,63,63,65,65,40,39,40,41,43,37,36,37,35,48,47,49,50,53,54,51,55,26,27,28,30,31,1986,2019,2107,2202,3161,3168,3225,3184,3168,3229,3153,3169,2108,2145,2208,2263,2352,2078.6,2112.5,2198.4,2283,3264.3,3271.2,3329.6,3290.9,3278.2000000000003,3340.2999999999997,3266.6000000000004,3287.8,2161.4,2199,2263,2323.3,2413.4
506,Aberconwy Co Const,Conwy - Conwy,,A5,Class A Trunk road in Rural area,2016,3.2,13.600000000000001,1701,40,523,64.5,71.3,53.122781779,-4.015860795,{"type": "LineString", "coordinates": [[-4.020279952436346, 53.12459322773847], [-3.912251058925114, 53.10507086166627]]},0,0,0,0,0,0,0,0,0,0,0,0,20,20,16,16,16,38,47,60,21,19,21,21,22,24,22,22,29,31,34,32,34,1553,1590,1657,1718,2590,2561,2586,2517,2475,2490,2398,2381,1599,1604,1623,1648,1701,40,43,45,46,24,22,22,22,23,24,28,28,17,18,19,20,20,259,259,268,292,419,456,484,509,532,574,589,618,397,426,464,492,523,57,53,53,51,59,63,63,65,63,63,65,65,40,39,40,41,43,37,36,37,35,48,47,49,50,53,54,51,55,26,27,28,30,31,1986,2019,2107,2202,3161,3168,3225,3184,3168,3229,3153,3169,2108,2145,2208,2263,2352,2078.6,2112.5,2198.4,2283,3264.3,3271.2,3329.6,3290.9,3278.2000000000003,3340.2999999999997,3266.6000000000004,3287.8,2161.4,2199,2263,2323.3,2413.4
506,Aberconwy Co Const,Conwy - Conwy,,A5,Class A Trunk road in Rural area,2016,3.2,13.600000000000001,1701,40,523,64.5,71.3,53.122661912,-4.001657116,{"type": "LineString", "coordinates": [[-4.020279952436346, 53.12459322773847], [-3.912251058925114, 53.10507086166627]]},0,0,0,0,0,0,0,0,0,0,0,0,20,20,16,16,16,38,47,60,21,19,21,21,22,24,22,22,29,31,34,32,34,1553,1590,1657,1718,2590,2561,2586,2517,2475,2490,2398,2381,1599,1604,1623,1648,1701,40,43,45,46,24,22,22,22,23,24,28,28,17,18,19,20,20,259,259,268,292,419,456,484,509,532,574,589,618,397,426,464,492,523,57,53,53,51,59,63,63,65,63,63,65,65,40,39,40,41,43,37,36,37,35,48,47,49,50,53,54,51,55,26,27,28,30,31,1986,2019,2107,2202,3161,3168,3225,3184,3168,3229,3153,3169,2108,2145,2208,2263,2352,2078.6,2112.5,2198.4,2283,3264.3,3271.2,3329.6,3290.9,3278.2000000000003,3340.2999999999997,3266.6000000000004,3287.8,2161.4,2199,2263,2323.3,2413.4
506,Aberconwy Co Const,Conwy - Conwy,,A5,Class A Trunk road in Rural area,2016,3.2,13.600000000000001,1701,40,523,64.5,71.3,53.122661912,-4.001657116,{"type": "LineString", "coordinates": [[-4.020279952436346, 53.12459322773847], [-3.912251058925114, 53.10507086166627]]},0,0,0,0,0,0,0,0,0,0,0,0,20,20,16,16,16,38,47,60,21,19,21,21,22,24,22,22,29,31,34,32,34,1553,1590,1657,1718,2590,2561,2586,2517,2475,2490,2398,2381,1599,1604,1623,1648,1701,40,43,45,46,24,22,22,22,23,24,28,28,17,18,19,20,20,259,259,268,292,419,456,484,509,532,574,589,618,397,426,464,492,523,57,53,53,51,59,63,63,65,63,63,65,65,40,39,40,41,43,37,36,37,35,48,47,49,50,53,54,51,55,26,27,28,30,31,1986,2019,2107,2202,3161,3168,3225,3184,3168,3229,3153,3169,2108,2145,2208,2263,2352,2078.6,2112.5,2198.4,2283,3264.3,3271.2,3329.6,3290.9,3278.2000000000003,3340.2999999999997,3266.6000000000004,3287.8,2161.4,2199,2263,2323.3,2413.4
506,Aberconwy Co Const,Conwy - Conwy,,A5,Class A Trunk road in Rural area,2016,3.2,13.600000000000001,1701,40,523,64.5,71.3,53.122661912,-4.001657116,{"type": "LineString", "coordinates": [[-4.020279952436346, 53.12459322773847], [-3.912251058925114, 53.10507086166627]]},0,0,0,0,0,0,0,0,0,0,0,0,20,20,16,16,16,38,47,60,21,19,21,21,22,24,22,22,29,31,34,32,34,1553,1590,1657,1718,2590,2561,2586,2517,2475,2490,2398,2381,1599,1604,1623,1648,1701,40,43,45,46,24,22,22,22,23,24,28,28,17,18,19,20,20,259,259,268,292,419,456,484,509,532,574,589,618,397,426,464,492,523,57,53,53,51,59,63,63,65,63,63,65,65,40,39,40,41,43,37,36,37,35,48,47,49,50,53,54,51,55,26,27,28,30,31,1986,2019,2107,2202,3161,3168,3225,3184,3168,3229,3153,3169,2108,2145,2208,2263,2352,2078.6,2112.5,2198.4,2283,3264.3,3271.2,3329.6,3290.9,3278.2000000000003,3340.2999999999997,3266.6000000000004,3287.8,2161.4,2199,2263,2323.3,2413.4
506,Aberconwy Co Const,Conwy - Conwy,,A5,Class A Trunk road in Rural area,2016,3.2,13.600000000000001,1701,40,523,64.5,71.3,53.122661912,-4.001657116,{"type": "LineString", "coordinates": [[-4.020279952436346, 53.12459322773847], [-3.912251058925114, 53.10507086166627]]},0,0,0,0,0,0,0,0,0,0,0,0,20,20,16,16,16,38,47,60,21,19,21,21,22,24,22,22,29,31,34,32,34,1553,1590,1657,1718,2590,2561,2586,2517,2475,2490,2398,2381,1599,1604,1623,1648,1701,40,43,45,46,24,22,22,22,23,24,28,28,17,18,19,20,20,259,259,268,292,419,456,484,509,532,574,589,618,397,426,464,492,523,57,53,53,51,59,63,63,65,63,63,65,65,40,39,40,41,43,37,36,37,35,48,47,49,50,53,54,51,55,26,27,28,30,31,1986,2019,2107,2202,3161,3168,3225,3184,3168,3229,3153,3169,2108,2145,2208,2263,2352,2078.6,2112.5,2198.4,2283,3264.3,3271.2,3329.6,3290.9,3278.2000000000003,3340.2999999999997,3266.6000000000004,3287.8,2161.4,2199,2263,2323.3,2413.4
508,Clwyd South Co Const,Sir Ddinbych - Denbighshire,,A5,Class A Trunk road in Rural area,2016,4.6000000000000005,52,4469,78,786,121.5,482.99999999999994,52.962175094,-3.119702564,{"type": "LineString", "coordinates": [[-3.170458563491417, 52.96886716455884], [-3.107862058671154, 52.96083710517365]]},11,10,10,1,1,1,1,1,11,13,13,11,10,10,8,8,23,285,311,93,85,93,90,95,135,142,131,139,130,135,151,148,130,3743,3747,3912,4601,4651,4670,4810,4781,4496,4590,4480,4516,4515,4514,4572,4720,4469,69,69,55,74,48,50,50,52,80,97,103,94,100,107,113,121,39,497,516,582,664,706,708,745,822,725,729,747,810,848,882,929,1016,786,140,142,147,177,180,178,187,188,151,142,146,144,142,139,136,142,81,180,179,179,218,210,204,204,210,242,234,231,229,233,240,247,261,210,4891,4938,5186,5827,5880,5903,6086,6148,5829,5934,5838,5932,5968,6017,6148,6408,5715,5106.8,5139.7,5360.599999999999,6217.099999999999,6240,6251.4,6440.7,6510,6218.1,6321,6235.7,6312.3,6363.9,6424.5,6559.5,6850.5,5989.5
509,Monmouth Co Const,Sir Fynwy - Monmouthshire,,A40,Class A Trunk road in Rural area,2016,0,34.800000000000004,18870,228,4228,981,7378.4,51.796842440,-2.726434945,{"type": "LineString", "coordinates": [[-2.833929012235272, 51.76771492831308], [-2.716419326888045, 51.80535392571168]]},0,0,0,0,1,0,0,1,1,1,1,1,1,1,1,1,0,64,83,144,126,111,55,73,113,114,103,121,112,43,47,47,87,17237,18413,18136,17652,21104,18793,17396,16189,19480,19422,19150,14938,14819,17267,17223,17104,18870,116,87,166,100,217,108,142,194,156,161,166,70,72,87,90,91,114,2803,2354,3020,3097,3272,3373,3411,4192,3271,3265,3366,3498,3618,3754,3908,4255,4228,1733,1260,1072,998,832,1227,1005,1002,799,734,767,928,916,792,775,809,654,3713,2997,3108,3483,3304,3223,3278,3574,3007,2757,2618,2981,2906,2897,2825,2953,3208,25665,25175,25585,25474,28855,26835,25287,25224,26826,26453,26170,22536,22443,24840,24868,25259,27161,31436.6,29749.699999999997,30277.6,30514.5,33707.6,31679.800000000003,30159.9,30521.4,31222.8,30496.699999999997,30061.1,26872.7,26683.6,29063.3,28989.8,29565.199999999997,31720.199999999997
510,Monmouth Co Const,Sir Fynwy - Monmouthshire,,A40,Class A Trunk road in Rural area,2016,6.4,71.60000000000001,6002,74,1003,207,393.29999999999995,51.840248870,-3.090006725,{"type": "LineString", "coordinates": [[-3.096110399244266, 51.84055010829561], [-3.041422253719806, 51.82944837713892]]},0,0,11,9,3,13,13,39,39,45,46,40,37,37,32,32,32,40,104,108,106,138,132,67,70,70,63,68,63,65,182,178,179,5544,5550,6327,6535,7182,7159,7373,7393,7156,7134,7034,6992,6936,6921,5814,6003,6002,75,75,32,62,47,54,54,51,54,56,58,60,62,61,35,37,37,716,743,807,844,935,906,953,978,1014,1012,1044,1072,1109,1147,862,943,1003,180,183,148,140,121,130,136,148,145,133,139,134,132,128,126,131,138,176,180,188,179,140,150,148,207,204,192,183,181,182,188,168,177,171,6728,6771,7606,7868,8531,8537,8796,8844,8643,8597,8521,8507,8484,8510,7187,7469,7530,7099.6,7147.5,7894,8167.9,8756.9,8768.2,9031.199999999999,9197.9,8992.7,8927.1,8848.6,8828.5,8810.800000000001,8840.4,7394.2,7694.8,7750.900000000001
512,Brecon and Radnorshire Co Const,Powys - Powys,,A40,Class A Trunk road in Rural area,2016,0,24,2436,32,808,238.5,262.2,51.951468998,-3.601999230,{"type": "LineString", "coordinates": [[-3.696363352878391, 51.98025826570374], [-3.561235661853337, 51.95092711241865]]},8,7,7,2,2,2,2,5,5,5,5,5,5,5,4,0,0,80,98,85,92,84,88,76,77,82,74,75,69,72,79,58,60,2120,2171,2262,2333,2373,2347,2370,2898,2848,2865,2759,2739,2688,2697,2729,2360,2436,14,15,15,56,45,40,38,45,47,49,56,56,63,69,70,16,16,494,494,512,650,638,694,736,584,610,658,675,708,684,734,799,761,808,139,130,132,233,224,241,244,179,175,173,177,179,174,170,172,153,159,133,139,152,149,147,151,158,268,274,273,266,282,290,312,337,114,114,2984,3029,3171,3506,3519,3557,3634,4050,4031,4100,4007,4039,3968,4054,4186,3462,3593,3190,3241.7,3390.7999999999997,3821.2,3811.9,3863.3999999999996,3946.6,4487.3,4475.5,4541.2,4452.9,4506.1,4453.6,4570.4,4732.7,3667.8999999999996,3800.7
514,Carmarthen East and Dinefwr Co Const,Sir Gaerfyrddin - Carmarthenshire,,A40,Class A Trunk road in Rural area,2016,3.4000000000000004,45.6,7596,94,1341,204,430.09999999999997,51.867218741,-4.252634039,{"type": "LineString", "coordinates": [[-4.279114803453255, 51.86808264608799], [-4.189473463943941, 51.87374255817189]]},4,5,3,3,3,6,6,6,6,6,6,6,6,21,17,17,17,83,27,28,25,48,46,49,44,46,42,44,41,110,120,121,114,4903,5309,5655,5842,5906,5881,6057,6020,5900,6023,5879,5926,5924,7595,7576,7523,7596,109,41,54,104,67,80,81,84,88,106,112,102,108,44,46,46,47,1173,763,783,818,870,772,812,896,913,917,939,1019,1067,1113,1159,1262,1341,117,158,152,143,146,123,130,130,128,121,124,123,121,127,124,130,136,152,169,137,134,136,227,220,222,223,222,224,221,223,175,175,187,187,6480,6523,6808,7069,7150,7131,7346,7401,7296,7435,7320,7435,7484,9164,9200,9269,9421,6829.5,6812.9,7099.900000000001,7401.9,7451.8,7538.799999999999,7750.4,7809.200000000001,7711.5,7862.5,7760,7859.400000000001,7917.799999999999,9433,9463.5,9550.5,9710.7
515,Carmarthen West and South Pembrokeshire Co Const,Sir Benfro - Pembrokeshire,,A40,Class A Trunk road in Rural area,2016,0,8.4,9074,100,2422,354,1120.1,51.818943568,-4.685548935,{"type": "LineString", "coordinates": [[-4.728656827385841, 51.81668974761768], [-4.632062149443236, 51.8199721227345]]},3,1,1,3,3,1,1,3,0,0,0,0,0,0,0,0,0,80,82,99,45,82,56,90,48,48,44,48,44,20,22,22,21,6766,7520,7109,7180,7645,7668,7640,7731,7659,7636,7529,7484,7425,9073,9050,8987,9074,55,115,85,86,69,49,89,78,62,64,66,68,70,47,49,49,50,1221,1199,1217,1351,1564,1510,1624,1586,1577,1574,1623,1667,1724,2011,2094,2280,2422,364,457,529,414,470,428,384,325,320,294,307,296,292,221,216,225,236,395,451,407,419,438,485,526,547,465,431,405,399,400,466,462,488,487,8861,9822,9429,9549,10231,10222,10319,10357,10131,10047,9974,9962,9955,11838,11893,12051,12290,9575.5,10703.8,10258.4,10327.300000000001,11077.4,11066.3,11250.199999999999,11254.6,10928.7,10789.5,10693.6,10667.900000000001,10664.6,12589.3,12637.4,12833.699999999999,13078.5
516,Preseli Pembrokeshire Co Const,Sir Benfro - Pembrokeshire,,A40,Class A Trunk road in Rural area,2016,1.8,44,5161,90,908,226.5,317.4,51.930392758,-4.993778463,{"type": "LineString", "coordinates": [[-4.996823354580919, 51.97168461957568], [-4.990839621356923, 51.92776769848297]]},2,2,2,2,2,1,1,1,1,1,1,1,1,11,8,8,9,58,54,56,52,32,32,33,30,32,30,32,30,100,111,109,110,4537,4541,4456,4603,4654,4753,4896,4867,4770,4871,4754,4792,4791,4936,5000,5162,5161,39,39,88,170,109,68,69,72,75,90,95,87,92,40,42,45,45,601,624,554,579,616,719,756,833,850,854,875,949,993,741,781,854,908,167,169,209,198,201,192,201,203,199,188,193,191,188,141,138,144,151,136,138,100,93,90,137,133,135,138,134,130,133,139,130,133,140,138,5533,5569,5461,5699,5722,5901,6087,6143,6062,6169,6077,6184,6233,6088,6205,6454,6513,5800.5,5837.099999999999,5751.1,6055.299999999999,6017.3,6223.900000000001,6410.2,6472.2,6397.9,6508,6419.5,6520.2,6581.7,6307.5,6422.299999999999,6687.6,6746.9
520,Aberavon Co Const,Castell-nedd Port Talbot - Neath Port Talbot,,A48,Class A Principal road in Rural area,2016,12.200000000000001,13.200000000000001,5501,152,1023,124.5,105.8,51.551331439,-3.715693758,{"type": "LineString", "coordinates": [[-3.739156625704736, 51.56141529174484], [-3.694018554937017, 51.53473929179021]]},60,53,20,17,76,78,76,62,64,73,21,18,17,17,13,13,61,142,79,96,207,191,161,146,146,152,44,48,44,45,46,44,33,7210,7232,4627,4668,7719,7712,7928,7670,7387,7298,4429,4443,4318,4239,4298,4247,5501,120,118,64,66,93,93,88,84,92,92,67,70,69,63,65,66,76,989,1023,831,936,1287,1351,1418,1121,1121,1142,858,908,953,1023,1099,1177,1023,269,265,106,104,193,189,193,170,160,145,77,79,80,79,79,79,83,161,164,69,69,79,78,79,163,162,154,39,42,43,45,48,49,46,8877,8944,5776,5939,9578,9614,9867,9354,9068,8983,5514,5590,5507,5494,5635,5662,6762,9264,9322.5,5935.3,6089.099999999999,9746,9788.3,10057.6,9647.3,9363,9256.5,5643.8,5725.3,5645.5,5628,5774.299999999999,5804.8,6919.5
520,Aberavon Co Const,Castell-nedd Port Talbot - Neath Port Talbot,,A48,Class A Principal road in Rural area,2016,12.200000000000001,13.200000000000001,5501,152,1023,124.5,105.8,51.551331439,-3.715693758,{"type": "LineString", "coordinates": [[-3.739156625704736, 51.56141529174484], [-3.694018554937017, 51.53473929179021]]},60,53,20,17,76,78,76,62,64,73,21,18,17,17,13,13,61,142,79,96,207,191,161,146,146,152,44,48,44,45,46,44,33,7210,7232,4627,4668,7719,7712,7928,7670,7387,7298,4429,4443,4318,4239,4298,4247,5501,120,118,64,66,93,93,88,84,92,92,67,70,69,63,65,66,76,989,1023,831,936,1287,1351,1418,1121,1121,1142,858,908,953,1023,1099,1177,1023,269,265,106,104,193,189,193,170,160,145,77,79,80,79,79,79,83,161,164,69,69,79,78,79,163,162,154,39,42,43,45,48,49,46,8877,8944,5776,5939,9578,9614,9867,9354,9068,8983,5514,5590,5507,5494,5635,5662,6762,9264,9322.5,5935.3,6089.099999999999,9746,9788.3,10057.6,9647.3,9363,9256.5,5643.8,5725.3,5645.5,5628,5774.299999999999,5804.8,6919.5
520,Aberavon Co Const,Castell-nedd Port Talbot - Neath Port Talbot,,A48,Class A Principal road in Rural area,2016,12.200000000000001,13.200000000000001,5501,152,1023,124.5,105.8,51.551331439,-3.715693758,{"type": "LineString", "coordinates": [[-3.739156625704736, 51.56141529174484], [-3.694018554937017, 51.53473929179021]]},60,53,20,17,76,78,76,62,64,73,21,18,17,17,13,13,61,142,79,96,207,191,161,146,146,152,44,48,44,45,46,44,33,7210,7232,4627,4668,7719,7712,7928,7670,7387,7298,4429,4443,4318,4239,4298,4247,5501,120,118,64,66,93,93,88,84,92,92,67,70,69,63,65,66,76,989,1023,831,936,1287,1351,1418,1121,1121,1142,858,908,953,1023,1099,1177,1023,269,265,106,104,193,189,193,170,160,145,77,79,80,79,79,79,83,161,164,69,69,79,78,79,163,162,154,39,42,43,45,48,49,46,8877,8944,5776,5939,9578,9614,9867,9354,9068,8983,5514,5590,5507,5494,5635,5662,6762,9264,9322.5,5935.3,6089.099999999999,9746,9788.3,10057.6,9647.3,9363,9256.5,5643.8,5725.3,5645.5,5628,5774.299999999999,5804.8,6919.5
520,Aberavon Co Const,Castell-nedd Port Talbot - Neath Port Talbot,,A48,Class A Principal road in Rural area,2016,12.200000000000001,13.200000000000001,5501,152,1023,124.5,105.8,51.551331439,-3.715693758,{"type": "LineString", "coordinates": [[-3.739156625704736, 51.56141529174484], [-3.694018554937017, 51.53473929179021]]},60,53,20,17,76,78,76,62,64,73,21,18,17,17,13,13,61,142,79,96,207,191,161,146,146,152,44,48,44,45,46,44,33,7210,7232,4627,4668,7719,7712,7928,7670,7387,7298,4429,4443,4318,4239,4298,4247,5501,120,118,64,66,93,93,88,84,92,92,67,70,69,63,65,66,76,989,1023,831,936,1287,1351,1418,1121,1121,1142,858,908,953,1023,1099,1177,1023,269,265,106,104,193,189,193,170,160,145,77,79,80,79,79,79,83,161,164,69,69,79,78,79,163,162,154,39,42,43,45,48,49,46,8877,8944,5776,5939,9578,9614,9867,9354,9068,8983,5514,5590,5507,5494,5635,5662,6762,9264,9322.5,5935.3,6089.099999999999,9746,9788.3,10057.6,9647.3,9363,9256.5,5643.8,5725.3,5645.5,5628,5774.299999999999,5804.8,6919.5
520,Aberavon Co Const,Castell-nedd Port Talbot - Neath Port Talbot,,A48,Class A Principal road in Rural area,2016,12.200000000000001,13.200000000000001,5501,152,1023,124.5,105.8,51.545841531,-3.707381978,{"type": "LineString", "coordinates": [[-3.739156625704736, 51.56141529174484], [-3.694018554937017, 51.53473929179021]]},60,53,20,17,76,78,76,62,64,73,21,18,17,17,13,13,61,142,79,96,207,191,161,146,146,152,44,48,44,45,46,44,33,7210,7232,4627,4668,7719,7712,7928,7670,7387,7298,4429,4443,4318,4239,4298,4247,5501,120,118,64,66,93,93,88,84,92,92,67,70,69,63,65,66,76,989,1023,831,936,1287,1351,1418,1121,1121,1142,858,908,953,1023,1099,1177,1023,269,265,106,104,193,189,193,170,160,145,77,79,80,79,79,79,83,161,164,69,69,79,78,79,163,162,154,39,42,43,45,48,49,46,8877,8944,5776,5939,9578,9614,9867,9354,9068,8983,5514,5590,5507,5494,5635,5662,6762,9264,9322.5,5935.3,6089.099999999999,9746,9788.3,10057.6,9647.3,9363,9256.5,5643.8,5725.3,5645.5,5628,5774.299999999999,5804.8,6919.5
520,Aberavon Co Const,Castell-nedd Port Talbot - Neath Port Talbot,,A48,Class A Principal road in Rural area,2016,12.200000000000001,13.200000000000001,5501,152,1023,124.5,105.8,51.545841531,-3.707381978,{"type": "LineString", "coordinates": [[-3.739156625704736, 51.56141529174484], [-3.694018554937017, 51.53473929179021]]},60,53,20,17,76,78,76,62,64,73,21,18,17,17,13,13,61,142,79,96,207,191,161,146,146,152,44,48,44,45,46,44,33,7210,7232,4627,4668,7719,7712,7928,7670,7387,7298,4429,4443,4318,4239,4298,4247,5501,120,118,64,66,93,93,88,84,92,92,67,70,69,63,65,66,76,989,1023,831,936,1287,1351,1418,1121,1121,1142,858,908,953,1023,1099,1177,1023,269,265,106,104,193,189,193,170,160,145,77,79,80,79,79,79,83,161,164,69,69,79,78,79,163,162,154,39,42,43,45,48,49,46,8877,8944,5776,5939,9578,9614,9867,9354,9068,8983,5514,5590,5507,5494,5635,5662,6762,9264,9322.5,5935.3,6089.099999999999,9746,9788.3,10057.6,9647.3,9363,9256.5,5643.8,5725.3,5645.5,5628,5774.299999999999,5804.8,6919.5
520,Aberavon Co Const,Castell-nedd Port Talbot - Neath Port Talbot,,A48,Class A Principal road in Rural area,2016,12.200000000000001,13.200000000000001,5501,152,1023,124.5,105.8,51.545841531,-3.707381978,{"type": "LineString", "coordinates": [[-3.739156625704736, 51.56141529174484], [-3.694018554937017, 51.53473929179021]]},60,53,20,17,76,78,76,62,64,73,21,18,17,17,13,13,61,142,79,96,207,191,161,146,146,152,44,48,44,45,46,44,33,7210,7232,4627,4668,7719,7712,7928,7670,7387,7298,4429,4443,4318,4239,4298,4247,5501,120,118,64,66,93,93,88,84,92,92,67,70,69,63,65,66,76,989,1023,831,936,1287,1351,1418,1121,1121,1142,858,908,953,1023,1099,1177,1023,269,265,106,104,193,189,193,170,160,145,77,79,80,79,79,79,83,161,164,69,69,79,78,79,163,162,154,39,42,43,45,48,49,46,8877,8944,5776,5939,9578,9614,9867,9354,9068,8983,5514,5590,5507,5494,5635,5662,6762,9264,9322.5,5935.3,6089.099999999999,9746,9788.3,10057.6,9647.3,9363,9256.5,5643.8,5725.3,5645.5,5628,5774.299999999999,5804.8,6919.5
520,Aberavon Co Const,Castell-nedd Port Talbot - Neath Port Talbot,,A48,Class A Principal road in Rural area,2016,12.200000000000001,13.200000000000001,5501,152,1023,124.5,105.8,51.545841531,-3.707381978,{"type": "LineString", "coordinates": [[-3.739156625704736, 51.56141529174484], [-3.694018554937017, 51.53473929179021]]},60,53,20,17,76,78,76,62,64,73,21,18,17,17,13,13,61,142,79,96,207,191,161,146,146,152,44,48,44,45,46,44,33,7210,7232,4627,4668,7719,7712,7928,7670,7387,7298,4429,4443,4318,4239,4298,4247,5501,120,118,64,66,93,93,88,84,92,92,67,70,69,63,65,66,76,989,1023,831,936,1287,1351,1418,1121,1121,1142,858,908,953,1023,1099,1177,1023,269,265,106,104,193,189,193,170,160,145,77,79,80,79,79,79,83,161,164,69,69,79,78,79,163,162,154,39,42,43,45,48,49,46,8877,8944,5776,5939,9578,9614,9867,9354,9068,8983,5514,5590,5507,5494,5635,5662,6762,9264,9322.5,5935.3,6089.099999999999,9746,9788.3,10057.6,9647.3,9363,9256.5,5643.8,5725.3,5645.5,5628,5774.299999999999,5804.8,6919.5
521,Vale of Glamorgan Co Const,Bro Morgannwg - the Vale of Glamorgan,,A48,Class A Principal road in Rural area,2016,7.4,78.80000000000001,11335,194,1660,219,390.99999999999994,51.477099176,-3.513319138,{"type": "LineString", "coordinates": [[-3.555033915122453, 51.4926926138871], [-3.456482861479024, 51.46491364873164]]},14,19,15,14,7,12,3,8,14,16,5,5,5,5,4,36,37,194,215,278,190,156,114,100,295,308,48,53,49,49,51,200,197,12129,10428,11965,12721,12261,11063,9759,14157,10517,10391,9746,9775,9501,9325,9456,11319,11335,98,79,115,75,116,80,85,78,91,91,76,80,79,72,74,99,97,1282,1294,1253,1420,1289,1129,913,740,1507,1536,1414,1496,1570,1685,1811,1588,1660,137,245,229,170,195,198,347,166,170,155,124,126,127,127,126,145,146,126,194,175,287,179,202,396,144,251,229,83,85,86,90,95,173,170,13962,12434,13952,14951,14230,12828,11614,15385,12831,12710,11491,11615,11412,11348,11613,13524,13605,14178.3,12771.300000000001,14280,15317.300000000001,14562.2,13176,12318.9,15673.2,13156.3,12991.400000000001,11708.1,11836.7,11636.9,11571.1,11842.9,13800.4,13877.8
522,Cardiff West Boro Const,Caerdydd - Cardiff,,A48,Class A Principal road in Urban area,2016,4.4,26,16200,360,3192,268.5,324.29999999999995,51.467103059,-3.268243720,{"type": "LineString", "coordinates": [[-3.270516474264386, 51.46599771326942], [-3.228850142484971, 51.48514518430182]]},46,58,33,60,52,44,38,32,57,57,57,63,60,59,25,24,22,136,139,115,123,124,77,110,78,87,83,70,67,75,65,66,65,17468,19268,17029,19081,18716,18249,15316,21616,16724,17092,16989,16938,16674,16527,16889,16579,16200,330,370,326,260,297,292,293,261,223,221,251,238,259,271,180,179,180,1905,1883,1791,2142,1907,1957,1974,1308,1830,1858,1984,2214,2240,2328,2824,2971,3192,322,347,307,310,258,248,240,250,234,213,226,229,232,233,186,181,179,148,98,158,142,125,119,337,124,183,177,172,187,196,213,143,147,141,20329,22102,19750,22050,21426,20989,18237,23669,19272,19648,19705,19876,19668,19647,20287,20123,19957,20918.800000000003,22691.300000000003,20351.5,22580.6,21940.7,21485.3,19041.899999999998,24150.2,19803.100000000002,20153.399999999998,20242.8,20429.6,20257.6,20266.4,20706.9,20544,20370.8
524,Aberconwy Co Const,Conwy - Conwy,,A55,Class A Trunk road in Rural area,2016,0,40,24837,394,4333,805.5,2852,53.266814788,-3.950653564,{"type": "LineString", "coordinates": [[-3.996490828222354, 53.24645524100665], [-3.852626879868982, 53.28860486496076]]},2,6,5,3,4,4,2,1,0,0,0,0,0,0,0,0,0,96,117,133,132,163,82,86,122,122,110,66,61,115,126,126,100,18918,17363,20697,20681,20188,19794,21164,20438,21081,21018,20724,18294,18149,18394,18348,18220,24837,282,177,192,170,214,202,327,302,151,155,161,93,96,70,73,74,197,2903,2891,2954,3271,3487,3281,3764,4414,3435,3429,3535,3466,3585,3446,3588,3906,4333,607,605,642,648,686,659,699,660,542,498,521,588,580,572,559,584,537,874,945,985,1179,1170,1188,1239,1429,1336,1244,1185,1088,1048,1050,1024,1075,1240,23708,22077,25587,26082,25877,25287,27275,27329,26667,26466,26236,23595,23519,23647,23718,23985,31244,25355.3,23727.4,27310.3,28028.9,27875.8,27265.1,29513,29767.100000000002,28752.6,28414,28132,25356.800000000003,25230.800000000003,25299,25326.100000000002,25672.9,33261.5
524,Aberconwy Co Const,Conwy - Conwy,,A55,Class A Trunk road in Rural area,2016,0,40,24837,394,4333,805.5,2852,53.266814788,-3.950653564,{"type": "LineString", "coordinates": [[-3.996490828222354, 53.24645524100665], [-3.852626879868982, 53.28860486496076]]},2,6,5,3,4,4,2,1,0,0,0,0,0,0,0,0,0,96,117,133,132,163,82,86,122,122,110,66,61,115,126,126,100,18918,17363,20697,20681,20188,19794,21164,20438,21081,21018,20724,18294,18149,18394,18348,18220,24837,282,177,192,170,214,202,327,302,151,155,161,93,96,70,73,74,197,2903,2891,2954,3271,3487,3281,3764,4414,3435,3429,3535,3466,3585,3446,3588,3906,4333,607,605,642,648,686,659,699,660,542,498,521,588,580,572,559,584,537,874,945,985,1179,1170,1188,1239,1429,1336,1244,1185,1088,1048,1050,1024,1075,1240,23708,22077,25587,26082,25877,25287,27275,27329,26667,26466,26236,23595,23519,23647,23718,23985,31244,25355.3,23727.4,27310.3,28028.9,27875.8,27265.1,29513,29767.100000000002,28752.6,28414,28132,25356.800000000003,25230.800000000003,25299,25326.100000000002,25672.9,33261.5
524,Aberconwy Co Const,Conwy - Conwy,,A55,Class A Trunk road in Rural area,2016,0,40,24837,394,4333,805.5,2852,53.266814788,-3.950653564,{"type": "LineString", "coordinates": [[-3.996490828222354, 53.24645524100665], [-3.852626879868982, 53.28860486496076]]},2,6,5,3,4,4,2,1,0,0,0,0,0,0,0,0,0,96,117,133,132,163,82,86,122,122,110,66,61,115,126,126,100,18918,17363,20697,20681,20188,19794,21164,20438,21081,21018,20724,18294,18149,18394,18348,18220,24837,282,177,192,170,214,202,327,302,151,155,161,93,96,70,73,74,197,2903,2891,2954,3271,3487,3281,3764,4414,3435,3429,3535,3466,3585,3446,3588,3906,4333,607,605,642,648,686,659,699,660,542,498,521,588,580,572,559,584,537,874,945,985,1179,1170,1188,1239,1429,1336,1244,1185,1088,1048,1050,1024,1075,1240,23708,22077,25587,26082,25877,25287,27275,27329,26667,26466,26236,23595,23519,23647,23718,23985,31244,25355.3,23727.4,27310.3,28028.9,27875.8,27265.1,29513,29767.100000000002,28752.6,28414,28132,25356.800000000003,25230.800000000003,25299,25326.100000000002,25672.9,33261.5
524,Aberconwy Co Const,Conwy - Conwy,,A55,Class A Trunk road in Rural area,2016,0,40,24837,394,4333,805.5,2852,53.266814788,-3.950653564,{"type": "LineString", "coordinates": [[-3.996490828222354, 53.24645524100665], [-3.852626879868982, 53.28860486496076]]},2,6,5,3,4,4,2,1,0,0,0,0,0,0,0,0,0,96,117,133,132,163,82,86,122,122,110,66,61,115,126,126,100,18918,17363,20697,20681,20188,19794,21164,20438,21081,21018,20724,18294,18149,18394,18348,18220,24837,282,177,192,170,214,202,327,302,151,155,161,93,96,70,73,74,197,2903,2891,2954,3271,3487,3281,3764,4414,3435,3429,3535,3466,3585,3446,3588,3906,4333,607,605,642,648,686,659,699,660,542,498,521,588,580,572,559,584,537,874,945,985,1179,1170,1188,1239,1429,1336,1244,1185,1088,1048,1050,1024,1075,1240,23708,22077,25587,26082,25877,25287,27275,27329,26667,26466,26236,23595,23519,23647,23718,23985,31244,25355.3,23727.4,27310.3,28028.9,27875.8,27265.1,29513,29767.100000000002,28752.6,28414,28132,25356.800000000003,25230.800000000003,25299,25326.100000000002,25672.9,33261.5
524,Aberconwy Co Const,Conwy - Conwy,,A55,Class A Trunk road in Rural area,2016,0,40,24837,394,4333,805.5,2852,53.266687204,-3.941950429,{"type": "LineString", "coordinates": [[-3.996490828222354, 53.24645524100665], [-3.852626879868982, 53.28860486496076]]},2,6,5,3,4,4,2,1,0,0,0,0,0,0,0,0,0,96,117,133,132,163,82,86,122,122,110,66,61,115,126,126,100,18918,17363,20697,20681,20188,19794,21164,20438,21081,21018,20724,18294,18149,18394,18348,18220,24837,282,177,192,170,214,202,327,302,151,155,161,93,96,70,73,74,197,2903,2891,2954,3271,3487,3281,3764,4414,3435,3429,3535,3466,3585,3446,3588,3906,4333,607,605,642,648,686,659,699,660,542,498,521,588,580,572,559,584,537,874,945,985,1179,1170,1188,1239,1429,1336,1244,1185,1088,1048,1050,1024,1075,1240,23708,22077,25587,26082,25877,25287,27275,27329,26667,26466,26236,23595,23519,23647,23718,23985,31244,25355.3,23727.4,27310.3,28028.9,27875.8,27265.1,29513,29767.100000000002,28752.6,28414,28132,25356.800000000003,25230.800000000003,25299,25326.100000000002,25672.9,33261.5
524,Aberconwy Co Const,Conwy - Conwy,,A55,Class A Trunk road in Rural area,2016,0,40,24837,394,4333,805.5,2852,53.266687204,-3.941950429,{"type": "LineString", "coordinates": [[-3.996490828222354, 53.24645524100665], [-3.852626879868982, 53.28860486496076]]},2,6,5,3,4,4,2,1,0,0,0,0,0,0,0,0,0,96,117,133,132,163,82,86,122,122,110,66,61,115,126,126,100,18918,17363,20697,20681,20188,19794,21164,20438,21081,21018,20724,18294,18149,18394,18348,18220,24837,282,177,192,170,214,202,327,302,151,155,161,93,96,70,73,74,197,2903,2891,2954,3271,3487,3281,3764,4414,3435,3429,3535,3466,3585,3446,3588,3906,4333,607,605,642,648,686,659,699,660,542,498,521,588,580,572,559,584,537,874,945,985,1179,1170,1188,1239,1429,1336,1244,1185,1088,1048,1050,1024,1075,1240,23708,22077,25587,26082,25877,25287,27275,27329,26667,26466,26236,23595,23519,23647,23718,23985,31244,25355.3,23727.4,27310.3,28028.9,27875.8,27265.1,29513,29767.100000000002,28752.6,28414,28132,25356.800000000003,25230.800000000003,25299,25326.100000000002,25672.9,33261.5
524,Aberconwy Co Const,Conwy - Conwy,,A55,Class A Trunk road in Rural area,2016,0,40,24837,394,4333,805.5,2852,53.266687204,-3.941950429,{"type": "LineString", "coordinates": [[-3.996490828222354, 53.24645524100665], [-3.852626879868982, 53.28860486496076]]},2,6,5,3,4,4,2,1,0,0,0,0,0,0,0,0,0,96,117,133,132,163,82,86,122,122,110,66,61,115,126,126,100,18918,17363,20697,20681,20188,19794,21164,20438,21081,21018,20724,18294,18149,18394,18348,18220,24837,282,177,192,170,214,202,327,302,151,155,161,93,96,70,73,74,197,2903,2891,2954,3271,3487,3281,3764,4414,3435,3429,3535,3466,3585,3446,3588,3906,4333,607,605,642,648,686,659,699,660,542,498,521,588,580,572,559,584,537,874,945,985,1179,1170,1188,1239,1429,1336,1244,1185,1088,1048,1050,1024,1075,1240,23708,22077,25587,26082,25877,25287,27275,27329,26667,26466,26236,23595,23519,23647,23718,23985,31244,25355.3,23727.4,27310.3,28028.9,27875.8,27265.1,29513,29767.100000000002,28752.6,28414,28132,25356.800000000003,25230.800000000003,25299,25326.100000000002,25672.9,33261.5
524,Aberconwy Co Const,Conwy - Conwy,,A55,Class A Trunk road in Rural area,2016,0,40,24837,394,4333,805.5,2852,53.266687204,-3.941950429,{"type": "LineString", "coordinates": [[-3.996490828222354, 53.24645524100665], [-3.852626879868982, 53.28860486496076]]},2,6,5,3,4,4,2,1,0,0,0,0,0,0,0,0,0,96,117,133,132,163,82,86,122,122,110,66,61,115,126,126,100,18918,17363,20697,20681,20188,19794,21164,20438,21081,21018,20724,18294,18149,18394,18348,18220,24837,282,177,192,170,214,202,327,302,151,155,161,93,96,70,73,74,197,2903,2891,2954,3271,3487,3281,3764,4414,3435,3429,3535,3466,3585,3446,3588,3906,4333,607,605,642,648,686,659,699,660,542,498,521,588,580,572,559,584,537,874,945,985,1179,1170,1188,1239,1429,1336,1244,1185,1088,1048,1050,1024,1075,1240,23708,22077,25587,26082,25877,25287,27275,27329,26667,26466,26236,23595,23519,23647,23718,23985,31244,25355.3,23727.4,27310.3,28028.9,27875.8,27265.1,29513,29767.100000000002,28752.6,28414,28132,25356.800000000003,25230.800000000003,25299,25326.100000000002,25672.9,33261.5
525,Clwyd West Co Const,Conwy - Conwy,,A55,Class A Trunk road in Rural area,2016,0,79.60000000000001,41592,432,6778,1113,3677.7,53.289185701,-3.621609286,{"type": "LineString", "coordinates": [[-3.64417713788152, 53.29085274710916], [-3.587240671390929, 53.292882885829506]]},0,0,0,1,0,0,0,0,0,1,1,0,0,0,1,1,0,227,233,165,387,175,173,268,112,260,235,94,107,156,271,271,199,31559,33952,34665,38275,40889,32549,32549,34453,29212,34057,33581,34045,38652,36809,39329,39055,41592,171,214,249,240,58,161,176,222,220,231,239,176,174,183,147,149,216,4256,4231,4434,4816,5274,5635,6053,5545,5565,5199,5361,5431,5821,6253,5205,5666,6778,1012,859,894,1315,1239,1133,1110,1024,1038,1513,1583,860,881,791,675,704,742,1201,1264,1290,1429,1651,1509,1524,1427,1826,1434,1342,1456,1369,1265,1293,1361,1599,38416,40747,41765,46240,49498,41162,41585,42939,37973,42694,42341,42062,47004,45457,46920,47206,51126,40524.100000000006,42897.5,43998.2,48896.2,52089.600000000006,43746.2,44193.399999999994,45367.299999999996,41018.600000000006,45389.7,44975.1,44504.4,49334,47586.4,48922.8,49313.700000000004,53672.299999999996
526,Vale of Clwyd Co Const,Sir Ddinbych - Denbighshire,,A55,Class A Trunk road in Rural area,2016,0,50,36957,362,6473,904.5,3985.8999999999996,53.271133944,-3.337743029,{"type": "LineString", "coordinates": [[-3.432595568700048, 53.262748603004255], [-3.332103795013345, 53.27110558565689]]},0,0,0,0,0,0,0,1,0,0,0,0,0,0,0,0,0,177,82,179,66,153,104,202,227,229,207,113,105,112,83,83,125,22669,24447,23170,29414,26948,25098,28788,27397,29659,29570,29156,25201,25001,27500,27704,27512,36957,110,167,96,228,165,113,158,229,216,223,230,99,102,130,129,131,181,3310,3456,3484,3952,4886,4535,4814,4753,5262,5251,5413,4194,4338,5294,5978,6508,6473,981,918,1140,1040,1107,1001,883,988,1059,973,1018,733,723,793,575,600,603,1345,1587,1488,1566,1844,1851,1624,1715,1675,1536,1472,1407,1370,1360,1445,1517,1733,28488,30752,29460,36379,35016,32751,36371,35284,38098,37782,37496,31747,31639,35189,35914,36351,46072,30793.2,33334.9,32011.199999999997,39055.4,38092.1,35679,39019.299999999996,38115.3,40884.8,40350.9,40024.4,33973.8,33820.5,37416.3,38159.2,38704.299999999996,48732.4
527,Alyn and Deeside Co Const,Sir y Fflint - Flintshire,,A55,Class A Trunk road in Rural area,2016,0,70.4,26749,72,4422,703.5,3399.3999999999996,53.164094533,-3.027382177,{"type": "LineString", "coordinates": [[-3.038110631815278, 53.16858442242661], [-3.007121577658483, 53.16120963332646]]},1,0,0,0,0,0,0,1,1,0,0,1,1,0,0,0,0,157,161,65,67,64,69,156,152,230,203,81,79,146,357,369,176,22287,23537,24220,25216,25645,25465,25898,29849,29640,27786,27120,23115,22949,21596,28566,29427,26749,141,118,122,167,138,132,127,134,136,148,158,60,61,73,89,88,36,2258,2869,2892,2927,3257,3407,3571,3989,3997,3009,3088,3087,3215,3384,4013,4461,4422,942,793,814,794,848,853,878,896,872,932,976,584,579,418,386,404,469,1781,1747,1782,1663,1698,1656,1654,2330,2333,1541,1492,1184,1209,1285,1364,1450,1478,27597,29221,29991,30832,31653,31577,32197,37354,37130,33646,33037,28111,28092,26902,34775,36199,33330,30411.5,31912.399999999998,32740,33518.9,34382.2,34249.9,34871.799999999996,40871.4,40643.700000000004,36125.3,35500.8,29953.600000000002,29966.8,28766.9,36616,38152.6,35416.3
528,Montgomeryshire Co Const,Powys - Powys,,A458,Class A Trunk road in Rural area,2016,0.8,15.200000000000001,3328,30,643,96,246.1,52.653905467,-3.184053693,{"type": "LineString", "coordinates": [[-3.326290411902953, 52.649699729358794], [-3.158649305162278, 52.66035822305506]]},0,0,0,4,4,3,3,0,0,0,0,0,0,0,0,4,4,19,64,20,20,33,34,37,38,40,36,36,33,35,38,36,38,2637,2700,3673,3226,3281,3659,3696,3386,3328,3348,3225,3202,3143,3153,3191,3225,3328,17,19,50,23,19,29,29,26,26,27,31,31,35,38,39,15,15,555,555,730,462,452,752,797,706,738,795,816,856,827,887,966,606,643,72,68,89,78,76,112,113,103,101,101,103,103,100,98,99,61,64,74,75,90,101,102,93,98,79,83,86,86,91,95,101,110,107,107,3375,3436,4696,3910,3950,4678,4767,4337,4314,4397,4297,4319,4233,4312,4443,4050,4195,3512.2,3575.1,4869.1,4091.3,4127.6,4864.099999999999,4959.5,4495,4475.599999999999,4562.3,4469.7,4498.2,4421.7,4509.3,4651.7,4213,4358.3
528,Montgomeryshire Co Const,Powys - Powys,,A458,Class A Trunk road in Rural area,2016,0.8,15.200000000000001,3328,30,643,96,246.1,52.653905467,-3.184053693,{"type": "LineString", "coordinates": [[-3.326290411902953, 52.649699729358794], [-3.158649305162278, 52.66035822305506]]},0,0,0,4,4,3,3,0,0,0,0,0,0,0,0,4,4,19,64,20,20,33,34,37,38,40,36,36,33,35,38,36,38,2637,2700,3673,3226,3281,3659,3696,3386,3328,3348,3225,3202,3143,3153,3191,3225,3328,17,19,50,23,19,29,29,26,26,27,31,31,35,38,39,15,15,555,555,730,462,452,752,797,706,738,795,816,856,827,887,966,606,643,72,68,89,78,76,112,113,103,101,101,103,103,100,98,99,61,64,74,75,90,101,102,93,98,79,83,86,86,91,95,101,110,107,107,3375,3436,4696,3910,3950,4678,4767,4337,4314,4397,4297,4319,4233,4312,4443,4050,4195,3512.2,3575.1,4869.1,4091.3,4127.6,4864.099999999999,4959.5,4495,4475.599999999999,4562.3,4469.7,4498.2,4421.7,4509.3,4651.7,4213,4358.3
528,Montgomeryshire Co Const,Powys - Powys,,A458,Class A Trunk road in Rural area,2016,0.8,15.200000000000001,3328,30,643,96,246.1,52.653905467,-3.184053693,{"type": "LineString", "coordinates": [[-3.326290411902953, 52.649699729358794], [-3.158649305162278, 52.66035822305506]]},0,0,0,4,4,3,3,0,0,0,0,0,0,0,0,4,4,19,64,20,20,33,34,37,38,40,36,36,33,35,38,36,38,2637,2700,3673,3226,3281,3659,3696,3386,3328,3348,3225,3202,3143,3153,3191,3225,3328,17,19,50,23,19,29,29,26,26,27,31,31,35,38,39,15,15,555,555,730,462,452,752,797,706,738,795,816,856,827,887,966,606,643,72,68,89,78,76,112,113,103,101,101,103,103,100,98,99,61,64,74,75,90,101,102,93,98,79,83,86,86,91,95,101,110,107,107,3375,3436,4696,3910,3950,4678,4767,4337,4314,4397,4297,4319,4233,4312,4443,4050,4195,3512.2,3575.1,4869.1,4091.3,4127.6,4864.099999999999,4959.5,4495,4475.599999999999,4562.3,4469.7,4498.2,4421.7,4509.3,4651.7,4213,4358.3
528,Montgomeryshire Co Const,Powys - Powys,,A458,Class A Trunk road in Rural area,2016,0.8,15.200000000000001,3328,30,643,96,246.1,52.653905467,-3.184053693,{"type": "LineString", "coordinates": [[-3.326290411902953, 52.649699729358794], [-3.158649305162278, 52.66035822305506]]},0,0,0,4,4,3,3,0,0,0,0,0,0,0,0,4,4,19,64,20,20,33,34,37,38,40,36,36,33,35,38,36,38,2637,2700,3673,3226,3281,3659,3696,3386,3328,3348,3225,3202,3143,3153,3191,3225,3328,17,19,50,23,19,29,29,26,26,27,31,31,35,38,39,15,15,555,555,730,462,452,752,797,706,738,795,816,856,827,887,966,606,643,72,68,89,78,76,112,113,103,101,101,103,103,100,98,99,61,64,74,75,90,101,102,93,98,79,83,86,86,91,95,101,110,107,107,3375,3436,4696,3910,3950,4678,4767,4337,4314,4397,4297,4319,4233,4312,4443,4050,4195,3512.2,3575.1,4869.1,4091.3,4127.6,4864.099999999999,4959.5,4495,4475.599999999999,4562.3,4469.7,4498.2,4421.7,4509.3,4651.7,4213,4358.3
528,Montgomeryshire Co Const,Powys - Powys,,A458,Class A Trunk road in Rural area,2016,0.8,15.200000000000001,3328,30,643,96,246.1,52.649870156,-3.219376979,{"type": "LineString", "coordinates": [[-3.326290411902953, 52.649699729358794], [-3.158649305162278, 52.66035822305506]]},0,0,0,4,4,3,3,0,0,0,0,0,0,0,0,4,4,19,64,20,20,33,34,37,38,40,36,36,33,35,38,36,38,2637,2700,3673,3226,3281,3659,3696,3386,3328,3348,3225,3202,3143,3153,3191,3225,3328,17,19,50,23,19,29,29,26,26,27,31,31,35,38,39,15,15,555,555,730,462,452,752,797,706,738,795,816,856,827,887,966,606,643,72,68,89,78,76,112,113,103,101,101,103,103,100,98,99,61,64,74,75,90,101,102,93,98,79,83,86,86,91,95,101,110,107,107,3375,3436,4696,3910,3950,4678,4767,4337,4314,4397,4297,4319,4233,4312,4443,4050,4195,3512.2,3575.1,4869.1,4091.3,4127.6,4864.099999999999,4959.5,4495,4475.599999999999,4562.3,4469.7,4498.2,4421.7,4509.3,4651.7,4213,4358.3
528,Montgomeryshire Co Const,Powys - Powys,,A458,Class A Trunk road in Rural area,2016,0.8,15.200000000000001,3328,30,643,96,246.1,52.649870156,-3.219376979,{"type": "LineString", "coordinates": [[-3.326290411902953, 52.649699729358794], [-3.158649305162278, 52.66035822305506]]},0,0,0,4,4,3,3,0,0,0,0,0,0,0,0,4,4,19,64,20,20,33,34,37,38,40,36,36,33,35,38,36,38,2637,2700,3673,3226,3281,3659,3696,3386,3328,3348,3225,3202,3143,3153,3191,3225,3328,17,19,50,23,19,29,29,26,26,27,31,31,35,38,39,15,15,555,555,730,462,452,752,797,706,738,795,816,856,827,887,966,606,643,72,68,89,78,76,112,113,103,101,101,103,103,100,98,99,61,64,74,75,90,101,102,93,98,79,83,86,86,91,95,101,110,107,107,3375,3436,4696,3910,3950,4678,4767,4337,4314,4397,4297,4319,4233,4312,4443,4050,4195,3512.2,3575.1,4869.1,4091.3,4127.6,4864.099999999999,4959.5,4495,4475.599999999999,4562.3,4469.7,4498.2,4421.7,4509.3,4651.7,4213,4358.3
528,Montgomeryshire Co Const,Powys - Powys,,A458,Class A Trunk road in Rural area,2016,0.8,15.200000000000001,3328,30,643,96,246.1,52.649870156,-3.219376979,{"type": "LineString", "coordinates": [[-3.326290411902953, 52.649699729358794], [-3.158649305162278, 52.66035822305506]]},0,0,0,4,4,3,3,0,0,0,0,0,0,0,0,4,4,19,64,20,20,33,34,37,38,40,36,36,33,35,38,36,38,2637,2700,3673,3226,3281,3659,3696,3386,3328,3348,3225,3202,3143,3153,3191,3225,3328,17,19,50,23,19,29,29,26,26,27,31,31,35,38,39,15,15,555,555,730,462,452,752,797,706,738,795,816,856,827,887,966,606,643,72,68,89,78,76,112,113,103,101,101,103,103,100,98,99,61,64,74,75,90,101,102,93,98,79,83,86,86,91,95,101,110,107,107,3375,3436,4696,3910,3950,4678,4767,4337,4314,4397,4297,4319,4233,4312,4443,4050,4195,3512.2,3575.1,4869.1,4091.3,4127.6,4864.099999999999,4959.5,4495,4475.599999999999,4562.3,4469.7,4498.2,4421.7,4509.3,4651.7,4213,4358.3
528,Montgomeryshire Co Const,Powys - Powys,,A458,Class A Trunk road in Rural area,2016,0.8,15.200000000000001,3328,30,643,96,246.1,52.649870156,-3.219376979,{"type": "LineString", "coordinates": [[-3.326290411902953, 52.649699729358794], [-3.158649305162278, 52.66035822305506]]},0,0,0,4,4,3,3,0,0,0,0,0,0,0,0,4,4,19,64,20,20,33,34,37,38,40,36,36,33,35,38,36,38,2637,2700,3673,3226,3281,3659,3696,3386,3328,3348,3225,3202,3143,3153,3191,3225,3328,17,19,50,23,19,29,29,26,26,27,31,31,35,38,39,15,15,555,555,730,462,452,752,797,706,738,795,816,856,827,887,966,606,643,72,68,89,78,76,112,113,103,101,101,103,103,100,98,99,61,64,74,75,90,101,102,93,98,79,83,86,86,91,95,101,110,107,107,3375,3436,4696,3910,3950,4678,4767,4337,4314,4397,4297,4319,4233,4312,4443,4050,4195,3512.2,3575.1,4869.1,4091.3,4127.6,4864.099999999999,4959.5,4495,4475.599999999999,4562.3,4469.7,4498.2,4421.7,4509.3,4651.7,4213,4358.3
530,Merthyr Tydfil and Rhymney Co Const,Merthyr Tudful - Merthyr Tydfil,,A465,Class A Trunk road in Rural area,2016,0.4,30.400000000000002,18106,386,4070,603,1711.1999999999998,51.756330550,-3.435705919,{"type": "LineString", "coordinates": [[-3.442924439693368, 51.75552110891412], [-3.427288693497825, 51.75589190640161]]},3,3,3,1,1,1,1,1,1,7,7,0,0,3,3,3,2,117,119,82,83,80,87,87,85,163,144,52,51,65,67,69,76,14344,14789,15218,16140,16415,16300,16576,16461,16346,18440,17998,18292,18160,16487,16867,17376,18106,199,205,212,178,147,141,135,128,131,197,210,168,171,150,168,165,193,1845,1948,1964,2610,2905,3038,3184,3527,3535,3525,3616,3701,3854,3319,3563,3960,4070,843,831,853,609,649,653,673,685,667,448,469,426,423,370,354,370,402,584,592,611,502,551,564,588,628,655,919,895,798,814,785,791,847,744,17921,18482,18977,20121,20750,20776,21243,21516,21419,23692,23332,23437,23473,21176,21810,22787,23591,19237.100000000002,19801.899999999998,20338.399999999998,21206.899999999998,21888,21928.7,22426.7,22750.7,22684,25209.9,24853.6,24824.2,24883.100000000002,22492.5,23143.1,24196.699999999997,24906.600000000002
530,Merthyr Tydfil and Rhymney Co Const,Merthyr Tudful - Merthyr Tydfil,,A465,Class A Trunk road in Rural area,2016,0.4,30.400000000000002,18106,386,4070,603,1711.1999999999998,51.756330550,-3.435705919,{"type": "LineString", "coordinates": [[-3.442924439693368, 51.75552110891412], [-3.427288693497825, 51.75589190640161]]},3,3,3,1,1,1,1,1,1,7,7,0,0,3,3,3,2,117,119,82,83,80,87,87,85,163,144,52,51,65,67,69,76,14344,14789,15218,16140,16415,16300,16576,16461,16346,18440,17998,18292,18160,16487,16867,17376,18106,199,205,212,178,147,141,135,128,131,197,210,168,171,150,168,165,193,1845,1948,1964,2610,2905,3038,3184,3527,3535,3525,3616,3701,3854,3319,3563,3960,4070,843,831,853,609,649,653,673,685,667,448,469,426,423,370,354,370,402,584,592,611,502,551,564,588,628,655,919,895,798,814,785,791,847,744,17921,18482,18977,20121,20750,20776,21243,21516,21419,23692,23332,23437,23473,21176,21810,22787,23591,19237.100000000002,19801.899999999998,20338.399999999998,21206.899999999998,21888,21928.7,22426.7,22750.7,22684,25209.9,24853.6,24824.2,24883.100000000002,22492.5,23143.1,24196.699999999997,24906.600000000002
530,Merthyr Tydfil and Rhymney Co Const,Merthyr Tudful - Merthyr Tydfil,,A465,Class A Trunk road in Rural area,2016,0.4,30.400000000000002,18106,386,4070,603,1711.1999999999998,51.756330550,-3.435705919,{"type": "LineString", "coordinates": [[-3.442924439693368, 51.75552110891412], [-3.427288693497825, 51.75589190640161]]},3,3,3,1,1,1,1,1,1,7,7,0,0,3,3,3,2,117,119,82,83,80,87,87,85,163,144,52,51,65,67,69,76,14344,14789,15218,16140,16415,16300,16576,16461,16346,18440,17998,18292,18160,16487,16867,17376,18106,199,205,212,178,147,141,135,128,131,197,210,168,171,150,168,165,193,1845,1948,1964,2610,2905,3038,3184,3527,3535,3525,3616,3701,3854,3319,3563,3960,4070,843,831,853,609,649,653,673,685,667,448,469,426,423,370,354,370,402,584,592,611,502,551,564,588,628,655,919,895,798,814,785,791,847,744,17921,18482,18977,20121,20750,20776,21243,21516,21419,23692,23332,23437,23473,21176,21810,22787,23591,19237.100000000002,19801.899999999998,20338.399999999998,21206.899999999998,21888,21928.7,22426.7,22750.7,22684,25209.9,24853.6,24824.2,24883.100000000002,22492.5,23143.1,24196.699999999997,24906.600000000002
530,Merthyr Tydfil and Rhymney Co Const,Merthyr Tudful - Merthyr Tydfil,,A465,Class A Trunk road in Rural area,2016,0.4,30.400000000000002,18106,386,4070,603,1711.1999999999998,51.756330550,-3.435705919,{"type": "LineString", "coordinates": [[-3.442924439693368, 51.75552110891412], [-3.427288693497825, 51.75589190640161]]},3,3,3,1,1,1,1,1,1,7,7,0,0,3,3,3,2,117,119,82,83,80,87,87,85,163,144,52,51,65,67,69,76,14344,14789,15218,16140,16415,16300,16576,16461,16346,18440,17998,18292,18160,16487,16867,17376,18106,199,205,212,178,147,141,135,128,131,197,210,168,171,150,168,165,193,1845,1948,1964,2610,2905,3038,3184,3527,3535,3525,3616,3701,3854,3319,3563,3960,4070,843,831,853,609,649,653,673,685,667,448,469,426,423,370,354,370,402,584,592,611,502,551,564,588,628,655,919,895,798,814,785,791,847,744,17921,18482,18977,20121,20750,20776,21243,21516,21419,23692,23332,23437,23473,21176,21810,22787,23591,19237.100000000002,19801.899999999998,20338.399999999998,21206.899999999998,21888,21928.7,22426.7,22750.7,22684,25209.9,24853.6,24824.2,24883.100000000002,22492.5,23143.1,24196.699999999997,24906.600000000002
530,Merthyr Tydfil and Rhymney Co Const,Merthyr Tudful - Merthyr Tydfil,,A465,Class A Trunk road in Rural area,2016,0.4,30.400000000000002,18106,386,4070,603,1711.1999999999998,51.755932495,-3.441778465,{"type": "LineString", "coordinates": [[-3.442924439693368, 51.75552110891412], [-3.427288693497825, 51.75589190640161]]},3,3,3,1,1,1,1,1,1,7,7,0,0,3,3,3,2,117,119,82,83,80,87,87,85,163,144,52,51,65,67,69,76,14344,14789,15218,16140,16415,16300,16576,16461,16346,18440,17998,18292,18160,16487,16867,17376,18106,199,205,212,178,147,141,135,128,131,197,210,168,171,150,168,165,193,1845,1948,1964,2610,2905,3038,3184,3527,3535,3525,3616,3701,3854,3319,3563,3960,4070,843,831,853,609,649,653,673,685,667,448,469,426,423,370,354,370,402,584,592,611,502,551,564,588,628,655,919,895,798,814,785,791,847,744,17921,18482,18977,20121,20750,20776,21243,21516,21419,23692,23332,23437,23473,21176,21810,22787,23591,19237.100000000002,19801.899999999998,20338.399999999998,21206.899999999998,21888,21928.7,22426.7,22750.7,22684,25209.9,24853.6,24824.2,24883.100000000002,22492.5,23143.1,24196.699999999997,24906.600000000002
530,Merthyr Tydfil and Rhymney Co Const,Merthyr Tudful - Merthyr Tydfil,,A465,Class A Trunk road in Rural area,2016,0.4,30.400000000000002,18106,386,4070,603,1711.1999999999998,51.755932495,-3.441778465,{"type": "LineString", "coordinates": [[-3.442924439693368, 51.75552110891412], [-3.427288693497825, 51.75589190640161]]},3,3,3,1,1,1,1,1,1,7,7,0,0,3,3,3,2,117,119,82,83,80,87,87,85,163,144,52,51,65,67,69,76,14344,14789,15218,16140,16415,16300,16576,16461,16346,18440,17998,18292,18160,16487,16867,17376,18106,199,205,212,178,147,141,135,128,131,197,210,168,171,150,168,165,193,1845,1948,1964,2610,2905,3038,3184,3527,3535,3525,3616,3701,3854,3319,3563,3960,4070,843,831,853,609,649,653,673,685,667,448,469,426,423,370,354,370,402,584,592,611,502,551,564,588,628,655,919,895,798,814,785,791,847,744,17921,18482,18977,20121,20750,20776,21243,21516,21419,23692,23332,23437,23473,21176,21810,22787,23591,19237.100000000002,19801.899999999998,20338.399999999998,21206.899999999998,21888,21928.7,22426.7,22750.7,22684,25209.9,24853.6,24824.2,24883.100000000002,22492.5,23143.1,24196.699999999997,24906.600000000002
530,Merthyr Tydfil and Rhymney Co Const,Merthyr Tudful - Merthyr Tydfil,,A465,Class A Trunk road in Rural area,2016,0.4,30.400000000000002,18106,386,4070,603,1711.1999999999998,51.755932495,-3.441778465,{"type": "LineString", "coordinates": [[-3.442924439693368, 51.75552110891412], [-3.427288693497825, 51.75589190640161]]},3,3,3,1,1,1,1,1,1,7,7,0,0,3,3,3,2,117,119,82,83,80,87,87,85,163,144,52,51,65,67,69,76,14344,14789,15218,16140,16415,16300,16576,16461,16346,18440,17998,18292,18160,16487,16867,17376,18106,199,205,212,178,147,141,135,128,131,197,210,168,171,150,168,165,193,1845,1948,1964,2610,2905,3038,3184,3527,3535,3525,3616,3701,3854,3319,3563,3960,4070,843,831,853,609,649,653,673,685,667,448,469,426,423,370,354,370,402,584,592,611,502,551,564,588,628,655,919,895,798,814,785,791,847,744,17921,18482,18977,20121,20750,20776,21243,21516,21419,23692,23332,23437,23473,21176,21810,22787,23591,19237.100000000002,19801.899999999998,20338.399999999998,21206.899999999998,21888,21928.7,22426.7,22750.7,22684,25209.9,24853.6,24824.2,24883.100000000002,22492.5,23143.1,24196.699999999997,24906.600000000002
530,Merthyr Tydfil and Rhymney Co Const,Merthyr Tudful - Merthyr Tydfil,,A465,Class A Trunk road in Rural area,2016,0.4,30.400000000000002,18106,386,4070,603,1711.1999999999998,51.755932495,-3.441778465,{"type": "LineString", "coordinates": [[-3.442924439693368, 51.75552110891412], [-3.427288693497825, 51.75589190640161]]},3,3,3,1,1,1,1,1,1,7,7,0,0,3,3,3,2,117,119,82,83,80,87,87,85,163,144,52,51,65,67,69,76,14344,14789,15218,16140,16415,16300,16576,16461,16346,18440,17998,18292,18160,16487,16867,17376,18106,199,205,212,178,147,141,135,128,131,197,210,168,171,150,168,165,193,1845,1948,1964,2610,2905,3038,3184,3527,3535,3525,3616,3701,3854,3319,3563,3960,4070,843,831,853,609,649,653,673,685,667,448,469,426,423,370,354,370,402,584,592,611,502,551,564,588,628,655,919,895,798,814,785,791,847,744,17921,18482,18977,20121,20750,20776,21243,21516,21419,23692,23332,23437,23473,21176,21810,22787,23591,19237.100000000002,19801.899999999998,20338.399999999998,21206.899999999998,21888,21928.7,22426.7,22750.7,22684,25209.9,24853.6,24824.2,24883.100000000002,22492.5,23143.1,24196.699999999997,24906.600000000002
532,Monmouth Co Const,Sir Fynwy - Monmouthshire,,A465,Class A Trunk road in Rural area,2016,1,72,20139,156,4176,633,1973.3999999999999,51.811593164,-3.016785777,{"type": "LineString", "coordinates": [[-3.027902101540785, 51.81563082221033], [-3.008015723986649, 51.80860996057195]]},3,1,1,1,1,1,1,1,1,0,0,9,8,6,5,5,5,85,87,95,106,93,93,95,100,109,98,105,97,174,190,191,180,12783,14864,15176,15373,15389,15481,15481,15605,15106,17477,17233,17450,17311,20137,20086,19946,20139,118,56,65,58,49,51,56,60,64,113,117,73,75,73,76,77,78,1858,2089,2190,2457,2592,2683,2882,3265,3389,2844,2932,3313,3427,3467,3610,3930,4176,590,639,666,675,701,691,677,722,712,514,538,473,467,395,386,403,422,1098,996,992,981,991,955,976,1023,1006,949,907,830,797,839,821,863,858,16499,18729,19176,19639,19828,19954,20165,20770,20377,22006,21825,22244,22174,25085,25169,25410,25853,18308.199999999997,20348.3,20811.399999999998,21252.8,21452.2,21536.2,21772.5,22463.9,22044.8,23544.3,23331.3,23569.5,23460.399999999998,26341.8,26391.3,26695.800000000003,27149.4
532,Monmouth Co Const,Sir Fynwy - Monmouthshire,,A465,Class A Trunk road in Rural area,2016,1,72,20139,156,4176,633,1973.3999999999999,51.811593164,-3.016785777,{"type": "LineString", "coordinates": [[-3.027902101540785, 51.81563082221033], [-3.008015723986649, 51.80860996057195]]},3,1,1,1,1,1,1,1,1,0,0,9,8,6,5,5,5,85,87,95,106,93,93,95,100,109,98,105,97,174,190,191,180,12783,14864,15176,15373,15389,15481,15481,15605,15106,17477,17233,17450,17311,20137,20086,19946,20139,118,56,65,58,49,51,56,60,64,113,117,73,75,73,76,77,78,1858,2089,2190,2457,2592,2683,2882,3265,3389,2844,2932,3313,3427,3467,3610,3930,4176,590,639,666,675,701,691,677,722,712,514,538,473,467,395,386,403,422,1098,996,992,981,991,955,976,1023,1006,949,907,830,797,839,821,863,858,16499,18729,19176,19639,19828,19954,20165,20770,20377,22006,21825,22244,22174,25085,25169,25410,25853,18308.199999999997,20348.3,20811.399999999998,21252.8,21452.2,21536.2,21772.5,22463.9,22044.8,23544.3,23331.3,23569.5,23460.399999999998,26341.8,26391.3,26695.800000000003,27149.4
532,Monmouth Co Const,Sir Fynwy - Monmouthshire,,A465,Class A Trunk road in Rural area,2016,1,72,20139,156,4176,633,1973.3999999999999,51.811593164,-3.016785777,{"type": "LineString", "coordinates": [[-3.027902101540785, 51.81563082221033], [-3.008015723986649, 51.80860996057195]]},3,1,1,1,1,1,1,1,1,0,0,9,8,6,5,5,5,85,87,95,106,93,93,95,100,109,98,105,97,174,190,191,180,12783,14864,15176,15373,15389,15481,15481,15605,15106,17477,17233,17450,17311,20137,20086,19946,20139,118,56,65,58,49,51,56,60,64,113,117,73,75,73,76,77,78,1858,2089,2190,2457,2592,2683,2882,3265,3389,2844,2932,3313,3427,3467,3610,3930,4176,590,639,666,675,701,691,677,722,712,514,538,473,467,395,386,403,422,1098,996,992,981,991,955,976,1023,1006,949,907,830,797,839,821,863,858,16499,18729,19176,19639,19828,19954,20165,20770,20377,22006,21825,22244,22174,25085,25169,25410,25853,18308.199999999997,20348.3,20811.399999999998,21252.8,21452.2,21536.2,21772.5,22463.9,22044.8,23544.3,23331.3,23569.5,23460.399999999998,26341.8,26391.3,26695.800000000003,27149.4
532,Monmouth Co Const,Sir Fynwy - Monmouthshire,,A465,Class A Trunk road in Rural area,2016,1,72,20139,156,4176,633,1973.3999999999999,51.811593164,-3.016785777,{"type": "LineString", "coordinates": [[-3.027902101540785, 51.81563082221033], [-3.008015723986649, 51.80860996057195]]},3,1,1,1,1,1,1,1,1,0,0,9,8,6,5,5,5,85,87,95,106,93,93,95,100,109,98,105,97,174,190,191,180,12783,14864,15176,15373,15389,15481,15481,15605,15106,17477,17233,17450,17311,20137,20086,19946,20139,118,56,65,58,49,51,56,60,64,113,117,73,75,73,76,77,78,1858,2089,2190,2457,2592,2683,2882,3265,3389,2844,2932,3313,3427,3467,3610,3930,4176,590,639,666,675,701,691,677,722,712,514,538,473,467,395,386,403,422,1098,996,992,981,991,955,976,1023,1006,949,907,830,797,839,821,863,858,16499,18729,19176,19639,19828,19954,20165,20770,20377,22006,21825,22244,22174,25085,25169,25410,25853,18308.199999999997,20348.3,20811.399999999998,21252.8,21452.2,21536.2,21772.5,22463.9,22044.8,23544.3,23331.3,23569.5,23460.399999999998,26341.8,26391.3,26695.800000000003,27149.4
532,Monmouth Co Const,Sir Fynwy - Monmouthshire,,A465,Class A Trunk road in Rural area,2016,1,72,20139,156,4176,633,1973.3999999999999,51.812885479,-3.020180316,{"type": "LineString", "coordinates": [[-3.027902101540785, 51.81563082221033], [-3.008015723986649, 51.80860996057195]]},3,1,1,1,1,1,1,1,1,0,0,9,8,6,5,5,5,85,87,95,106,93,93,95,100,109,98,105,97,174,190,191,180,12783,14864,15176,15373,15389,15481,15481,15605,15106,17477,17233,17450,17311,20137,20086,19946,20139,118,56,65,58,49,51,56,60,64,113,117,73,75,73,76,77,78,1858,2089,2190,2457,2592,2683,2882,3265,3389,2844,2932,3313,3427,3467,3610,3930,4176,590,639,666,675,701,691,677,722,712,514,538,473,467,395,386,403,422,1098,996,992,981,991,955,976,1023,1006,949,907,830,797,839,821,863,858,16499,18729,19176,19639,19828,19954,20165,20770,20377,22006,21825,22244,22174,25085,25169,25410,25853,18308.199999999997,20348.3,20811.399999999998,21252.8,21452.2,21536.2,21772.5,22463.9,22044.8,23544.3,23331.3,23569.5,23460.399999999998,26341.8,26391.3,26695.800000000003,27149.4
532,Monmouth Co Const,Sir Fynwy - Monmouthshire,,A465,Class A Trunk road in Rural area,2016,1,72,20139,156,4176,633,1973.3999999999999,51.812885479,-3.020180316,{"type": "LineString", "coordinates": [[-3.027902101540785, 51.81563082221033], [-3.008015723986649, 51.80860996057195]]},3,1,1,1,1,1,1,1,1,0,0,9,8,6,5,5,5,85,87,95,106,93,93,95,100,109,98,105,97,174,190,191,180,12783,14864,15176,15373,15389,15481,15481,15605,15106,17477,17233,17450,17311,20137,20086,19946,20139,118,56,65,58,49,51,56,60,64,113,117,73,75,73,76,77,78,1858,2089,2190,2457,2592,2683,2882,3265,3389,2844,2932,3313,3427,3467,3610,3930,4176,590,639,666,675,701,691,677,722,712,514,538,473,467,395,386,403,422,1098,996,992,981,991,955,976,1023,1006,949,907,830,797,839,821,863,858,16499,18729,19176,19639,19828,19954,20165,20770,20377,22006,21825,22244,22174,25085,25169,25410,25853,18308.199999999997,20348.3,20811.399999999998,21252.8,21452.2,21536.2,21772.5,22463.9,22044.8,23544.3,23331.3,23569.5,23460.399999999998,26341.8,26391.3,26695.800000000003,27149.4
532,Monmouth Co Const,Sir Fynwy - Monmouthshire,,A465,Class A Trunk road in Rural area,2016,1,72,20139,156,4176,633,1973.3999999999999,51.812885479,-3.020180316,{"type": "LineString", "coordinates": [[-3.027902101540785, 51.81563082221033], [-3.008015723986649, 51.80860996057195]]},3,1,1,1,1,1,1,1,1,0,0,9,8,6,5,5,5,85,87,95,106,93,93,95,100,109,98,105,97,174,190,191,180,12783,14864,15176,15373,15389,15481,15481,15605,15106,17477,17233,17450,17311,20137,20086,19946,20139,118,56,65,58,49,51,56,60,64,113,117,73,75,73,76,77,78,1858,2089,2190,2457,2592,2683,2882,3265,3389,2844,2932,3313,3427,3467,3610,3930,4176,590,639,666,675,701,691,677,722,712,514,538,473,467,395,386,403,422,1098,996,992,981,991,955,976,1023,1006,949,907,830,797,839,821,863,858,16499,18729,19176,19639,19828,19954,20165,20770,20377,22006,21825,22244,22174,25085,25169,25410,25853,18308.199999999997,20348.3,20811.399999999998,21252.8,21452.2,21536.2,21772.5,22463.9,22044.8,23544.3,23331.3,23569.5,23460.399999999998,26341.8,26391.3,26695.800000000003,27149.4
532,Monmouth Co Const,Sir Fynwy - Monmouthshire,,A465,Class A Trunk road in Rural area,2016,1,72,20139,156,4176,633,1973.3999999999999,51.812885479,-3.020180316,{"type": "LineString", "coordinates": [[-3.027902101540785, 51.81563082221033], [-3.008015723986649, 51.80860996057195]]},3,1,1,1,1,1,1,1,1,0,0,9,8,6,5,5,5,85,87,95,106,93,93,95,100,109,98,105,97,174,190,191,180,12783,14864,15176,15373,15389,15481,15481,15605,15106,17477,17233,17450,17311,20137,20086,19946,20139,118,56,65,58,49,51,56,60,64,113,117,73,75,73,76,77,78,1858,2089,2190,2457,2592,2683,2882,3265,3389,2844,2932,3313,3427,3467,3610,3930,4176,590,639,666,675,701,691,677,722,712,514,538,473,467,395,386,403,422,1098,996,992,981,991,955,976,1023,1006,949,907,830,797,839,821,863,858,16499,18729,19176,19639,19828,19954,20165,20770,20377,22006,21825,22244,22174,25085,25169,25410,25853,18308.199999999997,20348.3,20811.399999999998,21252.8,21452.2,21536.2,21772.5,22463.9,22044.8,23544.3,23331.3,23569.5,23460.399999999998,26341.8,26391.3,26695.800000000003,27149.4
533,Aberconwy Co Const,Conwy - Conwy,,A470,Class A Trunk road in Rural area,2016,1,28.400000000000002,5725,124,1430,216,259.9,53.240962283,-3.799615172,{"type": "LineString", "coordinates": [[-3.817349523844668, 53.22801548442797], [-3.790711389812887, 53.278942769706404]]},16,14,15,9,9,10,6,6,6,6,6,6,6,6,5,5,5,42,46,92,84,93,47,50,45,48,45,48,45,65,72,71,71,4701,4705,4912,5301,5359,5381,6214,6177,6053,6180,6032,6080,6078,5475,5545,5725,5725,37,37,29,41,27,28,110,115,121,146,155,141,149,55,58,62,62,795,825,931,905,961,965,1046,1154,1177,1183,1211,1314,1376,1166,1229,1343,1430,163,165,171,192,195,192,209,210,207,195,200,198,195,135,132,137,144,69,72,76,72,70,68,84,88,90,89,88,91,95,104,108,116,113,5803,5846,6165,6603,6696,6727,7710,7794,7693,7841,7731,7872,7938,7000,7144,7454,7545,5988.4,6033.900000000001,6350.7,6778.400000000001,6861.1,6883.599999999999,8005.5,8098.4,8007.5,8171.4,8073.4,8201.5,8281,7218.7,7365.2,7692.7,7783.299999999999
534,Dwyfor Meirionnydd Co Const,Gwynedd - Gwynedd,,A470,Class A Trunk road in Rural area,2016,0.2,9.600000000000001,1172,24,386,27,62.099999999999994,52.944744592,-3.936128628,{"type": "LineString", "coordinates": [[-3.947856609970672, 52.93744860102695], [-3.935729460975502, 52.95913449087549]]},0,0,1,1,1,1,1,1,1,1,1,1,1,1,1,1,1,17,23,29,32,29,31,32,32,34,23,23,21,22,24,23,24,941,964,1084,1124,1144,1131,1142,1111,1093,1100,1130,1122,1101,1105,1118,1135,1172,17,18,17,17,14,12,12,12,12,12,9,9,10,11,11,12,12,191,191,226,247,242,263,279,293,307,331,290,304,294,315,343,364,386,27,25,42,40,38,42,42,42,42,42,17,17,17,16,16,17,18,10,10,13,13,14,15,15,16,18,18,22,22,23,23,25,27,27,1204,1225,1405,1470,1484,1492,1521,1506,1504,1537,1491,1497,1466,1492,1537,1578,1639,1236.7,1258.3,1446.1000000000001,1506.5,1516,1527.1,1554.9,1540.6,1541.2,1573,1523.3,1529.3,1501.8000000000002,1527.7,1574.1,1619.8,1680.6999999999998
535,Dwyfor Meirionnydd Co Const,Gwynedd - Gwynedd,,A470,Class A Trunk road in Rural area,2016,0.4,23.200000000000003,3546,114,833,189,266.79999999999995,52.748450376,-3.853328777,{"type": "LineString", "coordinates": [[-3.828284171409755, 52.73418260395332], [-3.87615525807213, 52.745212657376484]]},0,0,5,4,4,4,4,4,4,4,4,2,2,2,1,1,2,39,110,142,152,139,147,143,128,135,125,55,51,53,58,56,58,3614,3701,3944,4090,4159,4114,4155,4211,4127,4214,4113,3395,3332,3343,3383,3436,3546,36,39,38,38,31,28,27,29,30,36,38,43,48,53,53,57,57,526,526,516,563,552,601,637,697,711,715,733,655,633,679,739,784,833,146,137,161,153,147,157,161,167,165,155,159,121,118,115,117,121,126,59,56,107,103,100,99,100,99,102,100,99,93,94,100,107,112,116,4422,4498,4876,5089,5141,5138,5227,5346,5263,5355,5267,4362,4276,4343,4457,4566,4736,4583.099999999999,4654.900000000001,5067.6,5252.2,5284.3,5289.8,5376.3,5501.4,5431.3,5517.5,5438.2,4553.4,4474.599999999999,4551.7,4672.8,4795.5,4972
536,Montgomeryshire Co Const,Powys - Powys,,A470,Class A Trunk road in Rural area,2016,0.6000000000000001,14.4,4529,80,1165,241.5,736,52.455126237,-3.476758111,{"type": "LineString", "coordinates": [[-3.528351733525264, 52.454145283242305], [-3.422188156777295, 52.511751431139174]]},0,0,5,2,2,4,4,0,0,0,0,0,0,0,0,3,3,24,49,71,64,99,95,79,71,75,69,73,68,71,79,36,36,3793,3797,4600,4646,4698,5538,5704,5358,5252,5362,5233,5275,5273,5273,5340,4529,4529,110,110,44,65,42,52,52,54,56,68,72,65,69,74,78,40,40,604,627,534,529,563,991,1041,238,244,246,252,273,286,297,313,1095,1165,206,210,198,192,196,252,265,158,156,147,151,149,147,144,141,153,161,375,388,363,330,333,332,344,333,343,346,344,356,375,396,424,330,320,5110,5156,5788,5833,5896,7264,7501,6220,6122,6244,6121,6191,6218,6255,6375,6183,6251,5797.3,5861,6373.5,6380.4,6430.5,7814.200000000001,8075.7,6738.5,6659.299999999999,6790.3,6674.3,6749.5,6807.2,6873.2,7027.3,6706.9,6765.9
538,Brecon and Radnorshire Co Const,Powys - Powys,,A470,Class A Trunk road in Rural area,2016,0,16,3431,62,594,151.5,264.5,52.006394833,-3.287121884,{"type": "LineString", "coordinates": [[-3.284661785286216, 51.99832791161387], [-3.265693449909067, 52.03332926539176]]},2,2,2,2,2,2,2,0,0,0,0,0,0,0,0,0,0,33,41,53,57,52,55,19,19,20,18,18,17,17,19,38,40,2657,2721,2835,2940,2990,2957,2986,2865,2816,2833,2728,2709,2659,2668,2700,3325,3431,17,19,19,19,15,14,13,73,76,79,91,91,103,112,113,30,31,320,320,331,361,354,385,408,511,533,575,590,619,598,642,698,560,594,112,106,108,102,99,106,108,215,210,209,214,215,209,204,207,97,101,109,109,116,115,115,120,121,606,623,622,595,630,649,699,752,115,115,3250,3308,3450,3590,3630,3634,3691,4289,4277,4338,4236,4282,4235,4342,4489,4165,4312,3443.7,3501.8999999999996,3649.2,3777.7,3809.8,3825.8,3882.3,5245.9,5256.5,5318.1,5196.7,5288.7,5276,5454.5,5671.7,4370.2,4519
539,Brecon and Radnorshire Co Const,Powys - Powys,,A470,Class A Trunk road in Rural area,2016,0,11.600000000000001,4520,48,1089,190.5,354.2,51.826691514,-3.452453790,{"type": "LineString", "coordinates": [[-3.443130491753999, 51.816482237385436], [-3.468420114401458, 51.85357431859827]]},2,2,2,2,2,1,1,1,1,1,1,1,1,0,0,0,0,18,22,28,30,20,21,20,18,19,17,18,17,27,30,29,29,3473,3556,3706,3844,3909,4001,4041,4096,4015,4099,4000,4032,4031,4323,4378,4520,4520,29,31,33,33,27,70,67,74,77,93,98,90,95,21,22,24,24,486,486,503,549,537,784,831,910,927,931,953,1034,1082,889,936,1024,1089,101,96,98,93,90,152,155,161,159,150,154,152,150,119,116,121,127,183,182,197,202,204,143,154,153,162,164,164,172,183,143,149,156,154,4292,4369,4559,4749,4797,5170,5269,5414,5358,5456,5386,5498,5558,5522,5631,5874,5943,4597.4,4673.8,4883.900000000001,5074.3,5116.2,5489.9,5601.099999999999,5755.4,5714.3,5825.8,5764,5876.8,5955.7,5772.2,5886.7,6143.900000000001,6213.3
540,Cynon Valley Co Const,Rhondda Cynon Taf - Rhondda Cynon Taf,,A470,Class A Trunk road in Rural area,2016,0,35.6,34142,590,7243,975,2350.6,51.646375714,-3.319491964,{"type": "LineString", "coordinates": [[-3.323750574327449, 51.643718466226126], [-3.316193497932755, 51.652255709122315]]},2,2,2,2,2,5,2,2,2,2,2,1,0,23,0,0,0,192,196,212,216,318,260,260,253,191,173,186,207,346,137,142,89,30736,30741,31633,32329,32878,30378,34077,33839,33601,31784,32312,34081,31901,34150,31969,32933,34142,439,333,344,340,282,344,318,300,305,328,264,321,324,284,265,261,295,4442,4374,4409,4881,5432,4886,4942,5477,5488,5836,5374,6028,5880,6713,5689,6324,7243,1173,976,1002,1042,1113,941,876,893,870,733,583,717,666,629,591,618,650,1054,1140,1155,1191,1251,1188,1235,1255,1280,962,966,1020,875,949,984,1052,1022,38063,37756,38739,39995,41172,38055,41708,42024,41797,39834,39672,42353,39853,43071,39635,41330,43441,40327.299999999996,39943.8,40967.9,42277.100000000006,43507.200000000004,40223.1,43913.5,44246,44049.2,41664.5,41379.5,44246.9,41523.3,44695.6,41392.5,43182.4,45336.2
541,Pontypridd Co Const,Rhondda Cynon Taf - Rhondda Cynon Taf,,A470,Class A Trunk road in Rural area,2016,0,150,61847,758,10037,1876.5,4215.9,51.557011018,-3.269301081,{"type": "LineString", "coordinates": [[-3.260698492959167, 51.53803930196407], [-3.269085208968099, 51.5596193061323]]},24,4,5,1,0,1,0,1,0,1,1,0,2,0,0,0,0,369,403,284,788,395,281,401,696,362,384,252,310,144,198,372,375,57354,59427,64850,62080,66244,57771,61847,61027,56483,63357,60223,57021,57367,60311,55293,60178,61847,485,348,428,448,425,367,393,408,371,374,515,380,294,300,283,380,379,8101,7890,8326,8108,9241,7461,8952,9198,8247,9985,8750,8150,9676,10266,9417,9432,10037,1513,1767,1694,1772,1835,1615,1596,1648,1398,1283,1210,1249,1130,1269,1125,1191,1251,1978,1831,1951,1131,2015,1962,1871,2160,1893,1571,1585,1540,1392,1620,1778,1837,1833,69731,71632,77652,73823,80548,69571,74940,74842,69088,76932,72667,68592,70169,73910,68094,73390,75722,73363.9,75022.40000000001,81221.5,76456.90000000001,84037.2,73059.1,78394.7,78641.4,72201.29999999999,79772.6,75617.1,71447.3,72651.6,76864.1,71132.09999999999,76530.40000000001,78884.4
541,Pontypridd Co Const,Rhondda Cynon Taf - Rhondda Cynon Taf,,A470,Class A Trunk road in Rural area,2016,0,150,61847,758,10037,1876.5,4215.9,51.557011018,-3.269301081,{"type": "LineString", "coordinates": [[-3.260698492959167, 51.53803930196407], [-3.269085208968099, 51.5596193061323]]},24,4,5,1,0,1,0,1,0,1,1,0,2,0,0,0,0,369,403,284,788,395,281,401,696,362,384,252,310,144,198,372,375,57354,59427,64850,62080,66244,57771,61847,61027,56483,63357,60223,57021,57367,60311,55293,60178,61847,485,348,428,448,425,367,393,408,371,374,515,380,294,300,283,380,379,8101,7890,8326,8108,9241,7461,8952,9198,8247,9985,8750,8150,9676,10266,9417,9432,10037,1513,1767,1694,1772,1835,1615,1596,1648,1398,1283,1210,1249,1130,1269,1125,1191,1251,1978,1831,1951,1131,2015,1962,1871,2160,1893,1571,1585,1540,1392,1620,1778,1837,1833,69731,71632,77652,73823,80548,69571,74940,74842,69088,76932,72667,68592,70169,73910,68094,73390,75722,73363.9,75022.40000000001,81221.5,76456.90000000001,84037.2,73059.1,78394.7,78641.4,72201.29999999999,79772.6,75617.1,71447.3,72651.6,76864.1,71132.09999999999,76530.40000000001,78884.4
541,Pontypridd Co Const,Rhondda Cynon Taf - Rhondda Cynon Taf,,A470,Class A Trunk road in Rural area,2016,0,150,61847,758,10037,1876.5,4215.9,51.557011018,-3.269301081,{"type": "LineString", "coordinates": [[-3.260698492959167, 51.53803930196407], [-3.269085208968099, 51.5596193061323]]},24,4,5,1,0,1,0,1,0,1,1,0,2,0,0,0,0,369,403,284,788,395,281,401,696,362,384,252,310,144,198,372,375,57354,59427,64850,62080,66244,57771,61847,61027,56483,63357,60223,57021,57367,60311,55293,60178,61847,485,348,428,448,425,367,393,408,371,374,515,380,294,300,283,380,379,8101,7890,8326,8108,9241,7461,8952,9198,8247,9985,8750,8150,9676,10266,9417,9432,10037,1513,1767,1694,1772,1835,1615,1596,1648,1398,1283,1210,1249,1130,1269,1125,1191,1251,1978,1831,1951,1131,2015,1962,1871,2160,1893,1571,1585,1540,1392,1620,1778,1837,1833,69731,71632,77652,73823,80548,69571,74940,74842,69088,76932,72667,68592,70169,73910,68094,73390,75722,73363.9,75022.40000000001,81221.5,76456.90000000001,84037.2,73059.1,78394.7,78641.4,72201.29999999999,79772.6,75617.1,71447.3,72651.6,76864.1,71132.09999999999,76530.40000000001,78884.4
541,Pontypridd Co Const,Rhondda Cynon Taf - Rhondda Cynon Taf,,A470,Class A Trunk road in Rural area,2016,0,150,61847,758,10037,1876.5,4215.9,51.557011018,-3.269301081,{"type": "LineString", "coordinates": [[-3.260698492959167, 51.53803930196407], [-3.269085208968099, 51.5596193061323]]},24,4,5,1,0,1,0,1,0,1,1,0,2,0,0,0,0,369,403,284,788,395,281,401,696,362,384,252,310,144,198,372,375,57354,59427,64850,62080,66244,57771,61847,61027,56483,63357,60223,57021,57367,60311,55293,60178,61847,485,348,428,448,425,367,393,408,371,374,515,380,294,300,283,380,379,8101,7890,8326,8108,9241,7461,8952,9198,8247,9985,8750,8150,9676,10266,9417,9432,10037,1513,1767,1694,1772,1835,1615,1596,1648,1398,1283,1210,1249,1130,1269,1125,1191,1251,1978,1831,1951,1131,2015,1962,1871,2160,1893,1571,1585,1540,1392,1620,1778,1837,1833,69731,71632,77652,73823,80548,69571,74940,74842,69088,76932,72667,68592,70169,73910,68094,73390,75722,73363.9,75022.40000000001,81221.5,76456.90000000001,84037.2,73059.1,78394.7,78641.4,72201.29999999999,79772.6,75617.1,71447.3,72651.6,76864.1,71132.09999999999,76530.40000000001,78884.4
541,Pontypridd Co Const,Rhondda Cynon Taf - Rhondda Cynon Taf,,A470,Class A Trunk road in Rural area,2016,0,150,61847,758,10037,1876.5,4215.9,51.547559183,-3.266932356,{"type": "LineString", "coordinates": [[-3.260698492959167, 51.53803930196407], [-3.269085208968099, 51.5596193061323]]},24,4,5,1,0,1,0,1,0,1,1,0,2,0,0,0,0,369,403,284,788,395,281,401,696,362,384,252,310,144,198,372,375,57354,59427,64850,62080,66244,57771,61847,61027,56483,63357,60223,57021,57367,60311,55293,60178,61847,485,348,428,448,425,367,393,408,371,374,515,380,294,300,283,380,379,8101,7890,8326,8108,9241,7461,8952,9198,8247,9985,8750,8150,9676,10266,9417,9432,10037,1513,1767,1694,1772,1835,1615,1596,1648,1398,1283,1210,1249,1130,1269,1125,1191,1251,1978,1831,1951,1131,2015,1962,1871,2160,1893,1571,1585,1540,1392,1620,1778,1837,1833,69731,71632,77652,73823,80548,69571,74940,74842,69088,76932,72667,68592,70169,73910,68094,73390,75722,73363.9,75022.40000000001,81221.5,76456.90000000001,84037.2,73059.1,78394.7,78641.4,72201.29999999999,79772.6,75617.1,71447.3,72651.6,76864.1,71132.09999999999,76530.40000000001,78884.4
541,Pontypridd Co Const,Rhondda Cynon Taf - Rhondda Cynon Taf,,A470,Class A Trunk road in Rural area,2016,0,150,61847,758,10037,1876.5,4215.9,51.547559183,-3.266932356,{"type": "LineString", "coordinates": [[-3.260698492959167, 51.53803930196407], [-3.269085208968099, 51.5596193061323]]},24,4,5,1,0,1,0,1,0,1,1,0,2,0,0,0,0,369,403,284,788,395,281,401,696,362,384,252,310,144,198,372,375,57354,59427,64850,62080,66244,57771,61847,61027,56483,63357,60223,57021,57367,60311,55293,60178,61847,485,348,428,448,425,367,393,408,371,374,515,380,294,300,283,380,379,8101,7890,8326,8108,9241,7461,8952,9198,8247,9985,8750,8150,9676,10266,9417,9432,10037,1513,1767,1694,1772,1835,1615,1596,1648,1398,1283,1210,1249,1130,1269,1125,1191,1251,1978,1831,1951,1131,2015,1962,1871,2160,1893,1571,1585,1540,1392,1620,1778,1837,1833,69731,71632,77652,73823,80548,69571,74940,74842,69088,76932,72667,68592,70169,73910,68094,73390,75722,73363.9,75022.40000000001,81221.5,76456.90000000001,84037.2,73059.1,78394.7,78641.4,72201.29999999999,79772.6,75617.1,71447.3,72651.6,76864.1,71132.09999999999,76530.40000000001,78884.4
541,Pontypridd Co Const,Rhondda Cynon Taf - Rhondda Cynon Taf,,A470,Class A Trunk road in Rural area,2016,0,150,61847,758,10037,1876.5,4215.9,51.547559183,-3.266932356,{"type": "LineString", "coordinates": [[-3.260698492959167, 51.53803930196407], [-3.269085208968099, 51.5596193061323]]},24,4,5,1,0,1,0,1,0,1,1,0,2,0,0,0,0,369,403,284,788,395,281,401,696,362,384,252,310,144,198,372,375,57354,59427,64850,62080,66244,57771,61847,61027,56483,63357,60223,57021,57367,60311,55293,60178,61847,485,348,428,448,425,367,393,408,371,374,515,380,294,300,283,380,379,8101,7890,8326,8108,9241,7461,8952,9198,8247,9985,8750,8150,9676,10266,9417,9432,10037,1513,1767,1694,1772,1835,1615,1596,1648,1398,1283,1210,1249,1130,1269,1125,1191,1251,1978,1831,1951,1131,2015,1962,1871,2160,1893,1571,1585,1540,1392,1620,1778,1837,1833,69731,71632,77652,73823,80548,69571,74940,74842,69088,76932,72667,68592,70169,73910,68094,73390,75722,73363.9,75022.40000000001,81221.5,76456.90000000001,84037.2,73059.1,78394.7,78641.4,72201.29999999999,79772.6,75617.1,71447.3,72651.6,76864.1,71132.09999999999,76530.40000000001,78884.4
541,Pontypridd Co Const,Rhondda Cynon Taf - Rhondda Cynon Taf,,A470,Class A Trunk road in Rural area,2016,0,150,61847,758,10037,1876.5,4215.9,51.547559183,-3.266932356,{"type": "LineString", "coordinates": [[-3.260698492959167, 51.53803930196407], [-3.269085208968099, 51.5596193061323]]},24,4,5,1,0,1,0,1,0,1,1,0,2,0,0,0,0,369,403,284,788,395,281,401,696,362,384,252,310,144,198,372,375,57354,59427,64850,62080,66244,57771,61847,61027,56483,63357,60223,57021,57367,60311,55293,60178,61847,485,348,428,448,425,367,393,408,371,374,515,380,294,300,283,380,379,8101,7890,8326,8108,9241,7461,8952,9198,8247,9985,8750,8150,9676,10266,9417,9432,10037,1513,1767,1694,1772,1835,1615,1596,1648,1398,1283,1210,1249,1130,1269,1125,1191,1251,1978,1831,1951,1131,2015,1962,1871,2160,1893,1571,1585,1540,1392,1620,1778,1837,1833,69731,71632,77652,73823,80548,69571,74940,74842,69088,76932,72667,68592,70169,73910,68094,73390,75722,73363.9,75022.40000000001,81221.5,76456.90000000001,84037.2,73059.1,78394.7,78641.4,72201.29999999999,79772.6,75617.1,71447.3,72651.6,76864.1,71132.09999999999,76530.40000000001,78884.4
542,Carmarthen West and South Pembrokeshire Co Const,Sir Gaerfyrddin - Carmarthenshire,,A477,Class A Trunk road in Rural area,2013,0.6000000000000001,16,5498,258,1393,268.5,1136.1999999999998,51.790949444,-4.538616196,,0,4,4,0,0,1,1,3,3,3,3,3,3,3,,,,53,58,33,29,45,44,45,40,42,39,41,38,40,,,,5380,5068,5291,5748,5811,6202,6388,5586,5475,5590,5456,5500,5498,5498,,,,71,24,18,51,33,75,76,95,99,119,125,114,121,129,,,,796,803,906,621,661,997,1049,1122,1145,1151,1179,1279,1339,1393,,,,218,233,241,267,272,205,215,195,193,182,187,185,182,179,,,,301,251,242,291,284,476,453,525,517,497,490,482,486,494,,,,6780,6432,6756,7011,7090,8000,8225,7568,7469,7581,7476,7601,7664,7733,,,,7342.900000000001,6867,7174.299999999999,7554,7610.8,8769.3,8971,8416,8312.6,8411.9,8308.1,8409.5,8485,8569.7,,,
544,Carmarthen East and Dinefwr Co Const,Sir Gaerfyrddin - Carmarthenshire,,A483,Class A Trunk road in Rural area,2016,6.6000000000000005,20.400000000000002,5839,124,933,96,147.2,51.816982343,-4.002451765,{"type": "LineString", "coordinates": [[-3.99598038371406, 51.80515798555351], [-4.007369103967418, 51.8198912159138]]},16,14,19,16,16,16,16,16,16,18,18,40,37,37,30,29,33,57,41,43,39,43,41,44,39,41,38,103,95,99,108,108,51,5229,5235,6224,6430,6500,6526,6722,6682,6548,6685,6525,7230,7173,7157,7138,7089,5839,70,70,75,144,94,98,99,103,107,129,136,66,68,67,70,71,62,570,592,664,694,738,740,778,858,876,880,901,1156,1196,1237,1288,1402,933,192,196,148,140,143,141,148,148,146,138,141,97,96,93,91,95,64,75,75,95,94,95,94,95,97,103,103,101,95,96,99,102,109,64,6188,6225,7247,7545,7609,7642,7883,7932,7819,7976,7842,8747,8724,8752,8797,8874,7013,6420.3,6456.3,7494.9,7855.4,7874.6,7906.9,8154.9,8208.7,8109.5,8283.3,8157,8923.2,8907.8,8934.800000000001,8980.300000000001,9069.400000000001,7159.599999999999
545,Brecon and Radnorshire Co Const,Powys - Powys,,A483,Class A Trunk road in Rural area,2016,0,35.6,1112,48,228,85.5,381.79999999999995,52.138108045,-3.549303992,{"type": "LineString", "coordinates": [[-3.578688310231807, 52.14922544624233], [-3.528943233607094, 52.13495550356523]]},4,4,4,3,3,6,6,6,6,6,6,6,6,0,0,0,0,17,20,26,28,24,24,26,26,28,25,25,23,81,89,86,89,1133,1160,1209,1254,1275,993,1003,976,959,965,929,923,906,1049,1061,1078,1112,16,18,18,18,14,22,22,22,22,22,26,26,29,22,22,24,24,142,142,147,160,157,215,228,240,251,271,278,292,282,186,202,215,228,99,93,95,90,87,117,118,120,118,117,120,120,117,52,53,54,57,116,109,111,108,103,144,148,152,156,153,150,157,160,150,156,166,166,1524,1539,1600,1656,1664,1515,1543,1536,1532,1556,1528,1543,1517,1540,1583,1623,1676,1729.5,1735,1797.8,1843.8000000000002,1838.6,1768.3,1802,1800,1800.2,1818.6,1794,1818.1,1798.7,1734.4,1780.8999999999999,1838.2,1890.8999999999999
